Prodi;Kode Mata Kuliah;Mata Kuliah;Jumlah Mahasiswa;Jumlah Mahasiswa per Ruangan;Kelas;Dosen;Ujian;Hari;Tanggal;Waktu;Ruangan;"No Urut Absen Mahasiswa
bit.ly/NomorUrutAbsensiUTSFIF2425 ";Request Kebutuhan Pengawas;
S1 Informatika;CAK1BAB3;ALGORITMA DAN PEMROGRAMAN 1;42;21;IF-48-01;HWP;ONSITE;JUMAT;8 Nov 2024;08.00 - 10.15 WIB;TULT 0701;1 - 21;2;
S1 Informatika;CAK1BAB3;ALGORITMA DAN PEMROGRAMAN 1;42;21;IF-48-01;HWP;ONSITE;JUMAT;8 Nov 2024;08.00 - 10.15 WIB;TULT 0702;22 - 42;2;
S1 Informatika;CAK1BAB3;ALGORITMA DAN PEMROGRAMAN 1;42;21;IF-48-02;LDS;ONSITE;JUMAT;8 Nov 2024;08.00 - 10.15 WIB;TULT 0707;1 - 21;2;
S1 Informatika;CAK1BAB3;ALGORITMA DAN PEMROGRAMAN 1;42;21;IF-48-02;LDS;ONSITE;JUMAT;8 Nov 2024;08.00 - 10.15 WIB;TULT 0709;22 - 42;2;
S1 Informatika;CAK1BAB3;ALGORITMA DAN PEMROGRAMAN 1;48;24;IF-48-03;LDS;ONSITE;JUMAT;8 Nov 2024;08.00 - 10.15 WIB;TULT 0710;1 - 24;2;
S1 Informatika;CAK1BAB3;ALGORITMA DAN PEMROGRAMAN 1;48;24;IF-48-03;LDS;ONSITE;JUMAT;8 Nov 2024;08.00 - 10.15 WIB;TULT 0711;25 - 48;2;
S1 Informatika;CAK1BAB3;ALGORITMA DAN PEMROGRAMAN 1;46;23;IF-48-04;ALH;ONSITE;JUMAT;8 Nov 2024;08.00 - 10.15 WIB;TULT 0601;1 - 23;2;
S1 Informatika;CAK1BAB3;ALGORITMA DAN PEMROGRAMAN 1;46;23;IF-48-04;ALH;ONSITE;JUMAT;8 Nov 2024;08.00 - 10.15 WIB;TULT 0602;24 - 46;2;
S1 Informatika;CAK1BAB3;ALGORITMA DAN PEMROGRAMAN 1;46;23;IF-48-05;HWP;ONSITE;JUMAT;8 Nov 2024;08.00 - 10.15 WIB;TULT 0703;1 - 23;2;
S1 Informatika;CAK1BAB3;ALGORITMA DAN PEMROGRAMAN 1;46;23;IF-48-05;HWP;ONSITE;JUMAT;8 Nov 2024;08.00 - 10.15 WIB;TULT 0706;24 - 46;2;
S1 Informatika;CAK1BAB3;ALGORITMA DAN PEMROGRAMAN 1;44;22;IF-48-06;UAI;ONSITE;JUMAT;8 Nov 2024;08.00 - 10.15 WIB;TULT 0603;1 - 22;2;
S1 Informatika;CAK1BAB3;ALGORITMA DAN PEMROGRAMAN 1;44;22;IF-48-06;UAI;ONSITE;JUMAT;8 Nov 2024;08.00 - 10.15 WIB;TULT 0716;23 - 44;2;
S1 Informatika;CAK1BAB3;ALGORITMA DAN PEMROGRAMAN 1;45;23;IF-48-07;PEY;ONSITE;JUMAT;8 Nov 2024;08.00 - 10.15 WIB;(A203B) KU1.02.06;1 - 23;2;
S1 Informatika;CAK1BAB3;ALGORITMA DAN PEMROGRAMAN 1;45;22;IF-48-07;PEY;ONSITE;JUMAT;8 Nov 2024;08.00 - 10.15 WIB;(A204A) KU1.02.07;24 - 45;2;
S1 Informatika;CAK1BAB3;ALGORITMA DAN PEMROGRAMAN 1;40;20;IF-48-08;IGR;ONSITE;JUMAT;8 Nov 2024;08.00 - 10.15 WIB;(A204B) KU1.02.08;1 - 20;2;
S1 Informatika;CAK1BAB3;ALGORITMA DAN PEMROGRAMAN 1;40;20;IF-48-08;IGR;ONSITE;JUMAT;8 Nov 2024;08.00 - 10.15 WIB;(A207A) KU1.02.13;21 - 40;2;
S1 Informatika;CAK1BAB3;ALGORITMA DAN PEMROGRAMAN 1;44;22;IF-48-09;GKL;ONSITE;JUMAT;8 Nov 2024;08.00 - 10.15 WIB;(A303A) KU1.03.05;1 - 22;2;
S1 Informatika;CAK1BAB3;ALGORITMA DAN PEMROGRAMAN 1;44;22;IF-48-09;GKL;ONSITE;JUMAT;8 Nov 2024;08.00 - 10.15 WIB;(A303B) KU1.03.06;23 - 44;2;
S1 Informatika;CAK1BAB3;ALGORITMA DAN PEMROGRAMAN 1;41;21;IF-48-10;BMG;ONSITE;JUMAT;8 Nov 2024;08.00 - 10.15 WIB;(A304A) KU1.03.07;1 - 21;2;
S1 Informatika;CAK1BAB3;ALGORITMA DAN PEMROGRAMAN 1;41;20;IF-48-10;BMG;ONSITE;JUMAT;8 Nov 2024;08.00 - 10.15 WIB;(A304B) KU1.03.08;22 - 41;2;
S1 Informatika;CAK1BAB3;ALGORITMA DAN PEMROGRAMAN 1;42;21;IF-48-11;BMG;ONSITE;JUMAT;8 Nov 2024;08.00 - 10.15 WIB;(A308B) KU1.03.10;1 - 21;2;
S1 Informatika;CAK1BAB3;ALGORITMA DAN PEMROGRAMAN 1;42;21;IF-48-11;BMG;ONSITE;JUMAT;8 Nov 2024;08.00 - 10.15 WIB;(A308A) KU1.03.11;22 - 42;2;
S1 Informatika;CAK1BAB3;ALGORITMA DAN PEMROGRAMAN 1;42;21;IF-48-12;ALH;ONSITE;JUMAT;8 Nov 2024;08.00 - 10.15 WIB;TULT 0714;1 - 21;2;
S1 Informatika;CAK1BAB3;ALGORITMA DAN PEMROGRAMAN 1;42;21;IF-48-12;ALH;ONSITE;JUMAT;8 Nov 2024;08.00 - 10.15 WIB;TULT 0715;22 - 42;2;
S1 Informatika;CAK1BAB3;ALGORITMA DAN PEMROGRAMAN 1;34;17;IF-48-INT;JMT;ONSITE;JUMAT;8 Nov 2024;08.00 - 10.15 WIB;TULT-1509;1 - 17;2;
S1 Informatika;CAK1BAB3;ALGORITMA DAN PEMROGRAMAN 1;34;17;IF-48-INT;JMT;ONSITE;JUMAT;8 Nov 2024;08.00 - 10.15 WIB;TULT-1510;18 - 34;2;
S1 Informatika;CAK1CAB3;KALKULUS;43;22;IF-48-01;FMH;ONSITE;KAMIS;7 Nov 2024;08.00 - 10.15 WIB;(A203B) KU1.02.06;1 - 22;1;
S1 Informatika;CAK1CAB3;KALKULUS;43;21;IF-48-01;FMH;ONSITE;KAMIS;7 Nov 2024;08.00 - 10.15 WIB;(A204A) KU1.02.07;23 - 43;1;
S1 Informatika;CAK1CAB3;KALKULUS;41;21;IF-48-02;FMH;ONSITE;KAMIS;7 Nov 2024;08.00 - 10.15 WIB;(A204B) KU1.02.08;1 - 21;1;
S1 Informatika;CAK1CAB3;KALKULUS;41;20;IF-48-02;FMH;ONSITE;KAMIS;7 Nov 2024;08.00 - 10.15 WIB;(A207A) KU1.02.13;22 - 41;1;
S1 Informatika;CAK1CAB3;KALKULUS;41;21;IF-48-03;SSI;ONSITE;KAMIS;7 Nov 2024;08.00 - 10.15 WIB;(A303A) KU1.03.05;1 - 21;1;
S1 Informatika;CAK1CAB3;KALKULUS;41;20;IF-48-03;SSI;ONSITE;KAMIS;7 Nov 2024;08.00 - 10.15 WIB;(A303B) KU1.03.06;22 - 41;1;
S1 Informatika;CAK1CAB3;KALKULUS;40;20;IF-48-04;RMI;ONSITE;KAMIS;7 Nov 2024;08.00 - 10.15 WIB;TULT 0701;1 - 20;1;
S1 Informatika;CAK1CAB3;KALKULUS;40;20;IF-48-04;RMI;ONSITE;KAMIS;7 Nov 2024;08.00 - 10.15 WIB;TULT 0702;21 - 40;1;
S1 Informatika;CAK1CAB3;KALKULUS;41;21;IF-48-05;NLF;ONSITE;KAMIS;7 Nov 2024;08.00 - 10.15 WIB;(A308B) KU1.03.10;1 - 21;1;
S1 Informatika;CAK1CAB3;KALKULUS;41;20;IF-48-05;NLF;ONSITE;KAMIS;7 Nov 2024;08.00 - 10.15 WIB;(A308A) KU1.03.11;22 - 41;1;
S1 Informatika;CAK1CAB3;KALKULUS;40;20;IF-48-06;NLF;ONSITE;KAMIS;7 Nov 2024;08.00 - 10.15 WIB;(A307B) KU1.03.12;1 - 20;1;
S1 Informatika;CAK1CAB3;KALKULUS;40;20;IF-48-06;NLF;ONSITE;KAMIS;7 Nov 2024;08.00 - 10.15 WIB;(A307A) KU1.03.13;21 - 40;1;
S1 Informatika;CAK1CAB3;KALKULUS;42;21;IF-48-07;ENT;ONSITE;KAMIS;7 Nov 2024;08.00 - 10.15 WIB;(A207B) KU1.02.14;1 - 21;1;
S1 Informatika;CAK1CAB3;KALKULUS;42;21;IF-48-07;ENT;ONSITE;KAMIS;7 Nov 2024;08.00 - 10.15 WIB;(A208A) KU1.02.15;22 - 42;1;
S1 Informatika;CAK1CAB3;KALKULUS;40;20;IF-48-08;ENT;ONSITE;KAMIS;7 Nov 2024;08.00 - 10.15 WIB;(A208B) KU1.02.16;1 - 20;1;
S1 Informatika;CAK1CAB3;KALKULUS;40;20;IF-48-08;ENT;ONSITE;KAMIS;7 Nov 2024;08.00 - 10.15 WIB;(A310) KU1.03.14;21 - 40;1;
S1 Informatika;CAK1CAB3;KALKULUS;39;20;IF-48-09;RMI;ONSITE;KAMIS;7 Nov 2024;08.00 - 10.15 WIB;TULT 0703;1 - 20;1;
S1 Informatika;CAK1CAB3;KALKULUS;39;19;IF-48-09;RMI;ONSITE;KAMIS;7 Nov 2024;08.00 - 10.15 WIB;TULT 0706;21 - 39;1;
S1 Informatika;CAK1CAB3;KALKULUS;39;20;IF-48-10;RMI;ONSITE;KAMIS;7 Nov 2024;08.00 - 10.15 WIB;TULT 0707;1 - 20;1;
S1 Informatika;CAK1CAB3;KALKULUS;39;19;IF-48-10;RMI;ONSITE;KAMIS;7 Nov 2024;08.00 - 10.15 WIB;TULT 0709;21 - 39;1;
S1 Informatika;CAK1CAB3;KALKULUS;40;20;IF-48-11;RMI;ONSITE;KAMIS;7 Nov 2024;08.00 - 10.15 WIB;TULT 0710;1 - 20;1;
S1 Informatika;CAK1CAB3;KALKULUS;40;20;IF-48-11;RMI;ONSITE;KAMIS;7 Nov 2024;08.00 - 10.15 WIB;TULT 0711;21 - 40;1;
S1 Informatika;CAK1CAB3;KALKULUS;42;21;IF-48-12;SSI;ONSITE;KAMIS;7 Nov 2024;08.00 - 10.15 WIB;(A304A) KU1.03.07;1 - 21;1;
S1 Informatika;CAK1CAB3;KALKULUS;42;21;IF-48-12;SSI;ONSITE;KAMIS;7 Nov 2024;08.00 - 10.15 WIB;(A304B) KU1.03.08;22 - 42;1;
S1 Informatika;CAK1CAB3;KALKULUS;33;17;IF-48-INT;PHN;ONSITE;KAMIS;7 Nov 2024;08.00 - 10.15 WIB;TULT-1509;1 - 17;1;
S1 Informatika;CAK1CAB3;KALKULUS;33;16;IF-48-INT;PHN;ONSITE;KAMIS;7 Nov 2024;08.00 - 10.15 WIB;TULT-1510;18 - 33;1;
S1 Informatika;CAK1CAB3;KALKULUS;45;23;IFX-48-GAB;JSM;ONSITE;KAMIS;7 Nov 2024;08.00 - 10.15 WIB;TULT 0601;1 - 23;1;
S1 Informatika;CAK1CAB3;KALKULUS;45;22;IFX-48-GAB;JSM;ONSITE;KAMIS;7 Nov 2024;08.00 - 10.15 WIB;TULT 0602;24 - 45;1;
S1 Informatika;CAK1EAB3;MATEMATIKA DISKRIT;43;43;IF-48-01;DTO;ONSITE;SELASA;5 Nov 2024;10.45 - 13.00 WIB;TULT 0601;1 - 43;2;
S1 Informatika;CAK1EAB3;MATEMATIKA DISKRIT;43;43;IF-48-02;BBD;ONSITE;SELASA;5 Nov 2024;10.45 - 13.00 WIB;TULT 0602;1 - 43;2;
S1 Informatika;CAK1EAB3;MATEMATIKA DISKRIT;41;41;IF-48-03;WKF;ONSITE;SELASA;5 Nov 2024;10.45 - 13.00 WIB;TULT 0603;1 - 41;2;
S1 Informatika;CAK1EAB3;MATEMATIKA DISKRIT;40;40;IF-48-04;IYK;ONSITE;SELASA;5 Nov 2024;10.45 - 13.00 WIB;TULT 0701;1 - 40;2;
S1 Informatika;CAK1EAB3;MATEMATIKA DISKRIT;41;41;IF-48-05;LZD;ONSITE;SELASA;5 Nov 2024;10.45 - 13.00 WIB;TULT 0702;1 - 41;2;
S1 Informatika;CAK1EAB3;MATEMATIKA DISKRIT;40;40;IF-48-06;EDF;ONSITE;SELASA;5 Nov 2024;10.45 - 13.00 WIB;TULT 0703;1 - 40;2;
S1 Informatika;CAK1EAB3;MATEMATIKA DISKRIT;42;42;IF-48-07;MHD;ONSITE;SELASA;5 Nov 2024;10.45 - 13.00 WIB;TULT 0706;1 - 42;2;
S1 Informatika;CAK1EAB3;MATEMATIKA DISKRIT;39;39;IF-48-08;MHD;ONSITE;SELASA;5 Nov 2024;10.45 - 13.00 WIB;TULT 0707;1 - 39;2;
S1 Informatika;CAK1EAB3;MATEMATIKA DISKRIT;39;39;IF-48-09;MIG;ONSITE;SELASA;5 Nov 2024;10.45 - 13.00 WIB;TULT 0709;1 - 39;2;
S1 Informatika;CAK1EAB3;MATEMATIKA DISKRIT;39;39;IF-48-10;MIG;ONSITE;SELASA;5 Nov 2024;10.45 - 13.00 WIB;TULT 0710;1 - 39;2;
S1 Informatika;CAK1EAB3;MATEMATIKA DISKRIT;43;43;IF-48-11;RWT;ONSITE;SELASA;5 Nov 2024;10.45 - 13.00 WIB;TULT 0711;1 - 43;2;
S1 Informatika;CAK1EAB3;MATEMATIKA DISKRIT;40;40;IF-48-12;RWT;ONSITE;SELASA;5 Nov 2024;10.45 - 13.00 WIB;TULT 0714;1 - 40;2;
S1 Informatika;CAK1EAB3;MATEMATIKA DISKRIT;33;33;IF-48-INT;IPL;ONSITE;SELASA;5 Nov 2024;10.45 - 13.00 WIB;TULT-1509;1 - 33;2;
S1 Informatika;CAK1MAB3;MATRIKS DAN RUANG VEKTOR;46;23;IF-47-GAB01;DTO;ONSITE;RABU;6 Nov 2024;08.00 - 10.15 WIB;TULT 0701;1 - 23;1;
S1 Informatika;CAK1MAB3;MATRIKS DAN RUANG VEKTOR;46;23;IF-47-GAB01;DTO;ONSITE;RABU;6 Nov 2024;08.00 - 10.15 WIB;TULT 0702;24 - 46;1;
S1 Informatika;CAK1MAB3;MATRIKS DAN RUANG VEKTOR;21;21;IF-47-GAB03;SSI;ONSITE;RABU;6 Nov 2024;08.00 - 10.15 WIB;TULT 0703;1 - 21;1;
S1 Informatika;CAK1MAB3;MATRIKS DAN RUANG VEKTOR;45;23;IF-47-GAB04;HFL;ONSITE;RABU;6 Nov 2024;08.00 - 10.15 WIB;TULT 0706;1 - 23;1;
S1 Informatika;CAK1MAB3;MATRIKS DAN RUANG VEKTOR;45;22;IF-47-GAB04;HFL;ONSITE;RABU;6 Nov 2024;08.00 - 10.15 WIB;TULT 0707;24 - 45;1;
S1 Informatika;CAK1MAB3;MATRIKS DAN RUANG VEKTOR;26;26;IF-47-GAB05;HFL;ONSITE;RABU;6 Nov 2024;08.00 - 10.15 WIB;TULT 0709;1 - 26;1;
S1 Informatika;CAK1MAB3;MATRIKS DAN RUANG VEKTOR;15;15;IF-47-GAB06;FSO;ONSITE;RABU;6 Nov 2024;08.00 - 10.15 WIB;TULT 0710;1 - 15;1;
S1 Informatika;CAK1MAB3;MATRIKS DAN RUANG VEKTOR;3;3;IF-47-INT;IYK;ONSITE;RABU;6 Nov 2024;08.00 - 10.15 WIB;TULT-1510;1 - 3;1;
S1 Informatika;CAK1MAB3;MATRIKS DAN RUANG VEKTOR;50;25;IFX-48-GAB;ABK;ONSITE;RABU;6 Nov 2024;08.00 - 10.15 WIB;TULT 0711;1 - 25;1;
S1 Informatika;CAK1MAB3;MATRIKS DAN RUANG VEKTOR;50;25;IFX-48-GAB;ABK;ONSITE;RABU;6 Nov 2024;08.00 - 10.15 WIB;TULT 0714;26 - 50;1;
S1 Informatika;CAK1NAB3;ORGANISASI DAN ARSITEKTUR KOMPUTER;37;37;IF-47-01;FBW;ONSITE;SENIN;4 Nov 2024;08.00 - 10.15 WIB;TULT 0701;1 - 37;2;
S1 Informatika;CAK1NAB3;ORGANISASI DAN ARSITEKTUR KOMPUTER;37;37;IF-47-02;END;ONSITE;SENIN;4 Nov 2024;08.00 - 10.15 WIB;(A204A) KU1.02.07;1 - 37;2;
S1 Informatika;CAK1NAB3;ORGANISASI DAN ARSITEKTUR KOMPUTER;39;39;IF-47-03;END;ONSITE;SENIN;4 Nov 2024;08.00 - 10.15 WIB;(A204B) KU1.02.08;1 - 39;2;
S1 Informatika;CAK1NAB3;ORGANISASI DAN ARSITEKTUR KOMPUTER;36;36;IF-47-04;VMD;ONSITE;SENIN;4 Nov 2024;08.00 - 10.15 WIB;(A207A) KU1.02.13;1 - 36;2;
S1 Informatika;CAK1NAB3;ORGANISASI DAN ARSITEKTUR KOMPUTER;37;37;IF-47-05;SUM;ONSITE;SENIN;4 Nov 2024;08.00 - 10.15 WIB;(A207B) KU1.02.14;1 - 37;2;
S1 Informatika;CAK1NAB3;ORGANISASI DAN ARSITEKTUR KOMPUTER;36;36;IF-47-06;SUM;ONSITE;SENIN;4 Nov 2024;08.00 - 10.15 WIB;(A208A) KU1.02.15;1 - 36;2;
S1 Informatika;CAK1NAB3;ORGANISASI DAN ARSITEKTUR KOMPUTER;45;45;IF-47-07;VMD;ONSITE;SENIN;4 Nov 2024;08.00 - 10.15 WIB;(A208B) KU1.02.16;1 - 45;2;
S1 Informatika;CAK1NAB3;ORGANISASI DAN ARSITEKTUR KOMPUTER;40;40;IF-47-08;VMD;ONSITE;SENIN;4 Nov 2024;08.00 - 10.15 WIB;(A303A) KU1.03.05;1 - 40;2;
S1 Informatika;CAK1NAB3;ORGANISASI DAN ARSITEKTUR KOMPUTER;37;37;IF-47-09;ROC;ONSITE;SENIN;4 Nov 2024;08.00 - 10.15 WIB;(A303B) KU1.03.06;1 - 37;2;
S1 Informatika;CAK1NAB3;ORGANISASI DAN ARSITEKTUR KOMPUTER;39;39;IF-47-10;ROC;ONSITE;SENIN;4 Nov 2024;08.00 - 10.15 WIB;(A304A) KU1.03.07;1 - 39;2;
S1 Informatika;CAK1NAB3;ORGANISASI DAN ARSITEKTUR KOMPUTER;41;41;IF-47-11;FAH;ONSITE;SENIN;4 Nov 2024;08.00 - 10.15 WIB;(A304B) KU1.03.08;1 - 41;2;
S1 Informatika;CAK1NAB3;ORGANISASI DAN ARSITEKTUR KOMPUTER;38;38;IF-47-12;MFC;ONSITE;SENIN;4 Nov 2024;08.00 - 10.15 WIB;(A308B) KU1.03.10;1 - 38;2;
S1 Informatika;CAK1NAB3;ORGANISASI DAN ARSITEKTUR KOMPUTER;27;27;IF-47-INT;MMA;ONSITE;SENIN;4 Nov 2024;08.00 - 10.15 WIB;TULT-1510;1 - 27;2;
S1 Informatika;CAK2AAB3;ANALISIS DAN PERANCANGAN PERANGKAT LUNAK;47;24;IF-47-GAB01;SWD;ONSITE;RABU;6 Nov 2024;14.00 - 16.15 WIB;TULT 0701;1 - 24;2;
S1 Informatika;CAK2AAB3;ANALISIS DAN PERANCANGAN PERANGKAT LUNAK;47;23;IF-47-GAB01;SWD;ONSITE;RABU;6 Nov 2024;14.00 - 16.15 WIB;TULT 0702;25 - 47;2;
S1 Informatika;CAK2AAB3;ANALISIS DAN PERANCANGAN PERANGKAT LUNAK;47;24;IF-47-GAB02;SYP;ONSITE;RABU;6 Nov 2024;14.00 - 16.15 WIB;TULT 0703;1 - 24;2;
S1 Informatika;CAK2AAB3;ANALISIS DAN PERANCANGAN PERANGKAT LUNAK;47;23;IF-47-GAB02;SYP;ONSITE;RABU;6 Nov 2024;14.00 - 16.15 WIB;TULT 0706;25 - 47;2;
S1 Informatika;CAK2AAB3;ANALISIS DAN PERANCANGAN PERANGKAT LUNAK;48;24;IF-47-GAB03;RSC;ONSITE;RABU;6 Nov 2024;14.00 - 16.15 WIB;TULT 0707;1 - 24;2;
S1 Informatika;CAK2AAB3;ANALISIS DAN PERANCANGAN PERANGKAT LUNAK;48;24;IF-47-GAB03;RSC;ONSITE;RABU;6 Nov 2024;14.00 - 16.15 WIB;TULT 0709;25 - 48;2;
S1 Informatika;CAK2AAB3;ANALISIS DAN PERANCANGAN PERANGKAT LUNAK;46;23;IF-47-GAB04;DAM;ONSITE;RABU;6 Nov 2024;14.00 - 16.15 WIB;TULT 0710;1 - 23;2;
S1 Informatika;CAK2AAB3;ANALISIS DAN PERANCANGAN PERANGKAT LUNAK;46;23;IF-47-GAB04;DAM;ONSITE;RABU;6 Nov 2024;14.00 - 16.15 WIB;TULT 0711;24 - 46;2;
S1 Informatika;CAK2AAB3;ANALISIS DAN PERANCANGAN PERANGKAT LUNAK;50;25;IF-47-GAB05;DAM;ONSITE;RABU;6 Nov 2024;14.00 - 16.15 WIB;TULT 0714;1 - 25;2;
S1 Informatika;CAK2AAB3;ANALISIS DAN PERANCANGAN PERANGKAT LUNAK;50;25;IF-47-GAB05;DAM;ONSITE;RABU;6 Nov 2024;14.00 - 16.15 WIB;TULT 0715;26 - 50;2;
S1 Informatika;CAK2AAB3;ANALISIS DAN PERANCANGAN PERANGKAT LUNAK;45;23;IF-47-GAB06;IBD;ONSITE;RABU;6 Nov 2024;14.00 - 16.15 WIB;TULT 0716;1 - 23;2;
S1 Informatika;CAK2AAB3;ANALISIS DAN PERANCANGAN PERANGKAT LUNAK;45;22;IF-47-GAB06;IBD;ONSITE;RABU;6 Nov 2024;14.00 - 16.15 WIB;TULT 0601;24 - 45;2;
S1 Informatika;CAK2AAB3;ANALISIS DAN PERANCANGAN PERANGKAT LUNAK;47;24;IF-47-GAB07;IBD;ONSITE;RABU;6 Nov 2024;14.00 - 16.15 WIB;TULT 0602;1 - 24;2;
S1 Informatika;CAK2AAB3;ANALISIS DAN PERANCANGAN PERANGKAT LUNAK;47;23;IF-47-GAB07;IBD;ONSITE;RABU;6 Nov 2024;14.00 - 16.15 WIB;TULT 0603;25 - 47;2;
S1 Informatika;CAK2AAB3;ANALISIS DAN PERANCANGAN PERANGKAT LUNAK;23;23;IF-47-INT;FVE;ONSITE;RABU;6 Nov 2024;14.00 - 16.15 WIB;TULT-1510;1 - 23;2;
S1 Informatika;CAK2BAB2;ANALISIS KOMPLEKSITAS ALGORITMA;42;21;IF-47-01;EAR;ONSITE;JUMAT;8 Nov 2024;14.00 - 16.15 WIB;TULT 0701;1 - 21;1;
S1 Informatika;CAK2BAB2;ANALISIS KOMPLEKSITAS ALGORITMA;42;21;IF-47-01;EAR;ONSITE;JUMAT;8 Nov 2024;14.00 - 16.15 WIB;TULT 0702;22 - 42;1;
S1 Informatika;CAK2BAB2;ANALISIS KOMPLEKSITAS ALGORITMA;47;24;IF-47-02;EAR;ONSITE;JUMAT;8 Nov 2024;14.00 - 16.15 WIB;TULT 0703;1 - 24;1;
S1 Informatika;CAK2BAB2;ANALISIS KOMPLEKSITAS ALGORITMA;47;23;IF-47-02;EAR;ONSITE;JUMAT;8 Nov 2024;14.00 - 16.15 WIB;TULT 0706;25 - 47;1;
S1 Informatika;CAK2BAB2;ANALISIS KOMPLEKSITAS ALGORITMA;42;21;IF-47-03;EAR;ONSITE;JUMAT;8 Nov 2024;14.00 - 16.15 WIB;TULT 0707;1 - 21;1;
S1 Informatika;CAK2BAB2;ANALISIS KOMPLEKSITAS ALGORITMA;42;21;IF-47-03;EAR;ONSITE;JUMAT;8 Nov 2024;14.00 - 16.15 WIB;TULT 0709;22 - 42;1;
S1 Informatika;CAK2BAB2;ANALISIS KOMPLEKSITAS ALGORITMA;28;14;IF-47-04;LDS;ONSITE;JUMAT;8 Nov 2024;14.00 - 16.15 WIB;KU3.05.12;1 - 14;1;
S1 Informatika;CAK2BAB2;ANALISIS KOMPLEKSITAS ALGORITMA;28;14;IF-47-04;LDS;ONSITE;JUMAT;8 Nov 2024;14.00 - 16.15 WIB;KU3.05.13;15 - 28;1;
S1 Informatika;CAK2BAB2;ANALISIS KOMPLEKSITAS ALGORITMA;42;21;IF-47-05;SLL;ONSITE;JUMAT;8 Nov 2024;14.00 - 16.15 WIB;TULT 0714;1 - 21;1;
S1 Informatika;CAK2BAB2;ANALISIS KOMPLEKSITAS ALGORITMA;42;21;IF-47-05;SLL;ONSITE;JUMAT;8 Nov 2024;14.00 - 16.15 WIB;TULT 0715;22 - 42;1;
S1 Informatika;CAK2BAB2;ANALISIS KOMPLEKSITAS ALGORITMA;37;19;IF-47-06;DNH;ONSITE;JUMAT;8 Nov 2024;14.00 - 16.15 WIB;(A203B) KU1.02.06;1 - 19;1;
S1 Informatika;CAK2BAB2;ANALISIS KOMPLEKSITAS ALGORITMA;37;18;IF-47-06;DNH;ONSITE;JUMAT;8 Nov 2024;14.00 - 16.15 WIB;(A204A) KU1.02.07;20 - 37;1;
S1 Informatika;CAK2BAB2;ANALISIS KOMPLEKSITAS ALGORITMA;40;20;IF-47-07;SLL;ONSITE;JUMAT;8 Nov 2024;14.00 - 16.15 WIB;TULT 0602;1 - 20;1;
S1 Informatika;CAK2BAB2;ANALISIS KOMPLEKSITAS ALGORITMA;40;20;IF-47-07;SLL;ONSITE;JUMAT;8 Nov 2024;14.00 - 16.15 WIB;TULT 0603;21 - 40;1;
S1 Informatika;CAK2BAB2;ANALISIS KOMPLEKSITAS ALGORITMA;45;23;IF-47-08;RIE;ONSITE;JUMAT;8 Nov 2024;14.00 - 16.15 WIB;TULT 0716;1 - 23;1;
S1 Informatika;CAK2BAB2;ANALISIS KOMPLEKSITAS ALGORITMA;45;22;IF-47-08;RIE;ONSITE;JUMAT;8 Nov 2024;14.00 - 16.15 WIB;TULT 0601;24 - 45;1;
S1 Informatika;CAK2BAB2;ANALISIS KOMPLEKSITAS ALGORITMA;40;20;IF-47-09;DNH;ONSITE;JUMAT;8 Nov 2024;14.00 - 16.15 WIB;(A207A) KU1.02.13;1 - 20;1;
S1 Informatika;CAK2BAB2;ANALISIS KOMPLEKSITAS ALGORITMA;40;20;IF-47-09;DNH;ONSITE;JUMAT;8 Nov 2024;14.00 - 16.15 WIB;(A207B) KU1.02.14;21 - 40;1;
S1 Informatika;CAK2BAB2;ANALISIS KOMPLEKSITAS ALGORITMA;37;19;IF-47-10;RMB;ONSITE;JUMAT;8 Nov 2024;14.00 - 16.15 WIB;(A208A) KU1.02.15;1 - 19;1;
S1 Informatika;CAK2BAB2;ANALISIS KOMPLEKSITAS ALGORITMA;37;18;IF-47-10;RMB;ONSITE;JUMAT;8 Nov 2024;14.00 - 16.15 WIB;(A208B) KU1.02.16;20 - 37;1;
S1 Informatika;CAK2BAB2;ANALISIS KOMPLEKSITAS ALGORITMA;40;20;IF-47-11;KMM;ONSITE;JUMAT;8 Nov 2024;14.00 - 16.15 WIB;(A303A) KU1.03.05;1 - 20;1;
S1 Informatika;CAK2BAB2;ANALISIS KOMPLEKSITAS ALGORITMA;40;20;IF-47-11;KMM;ONSITE;JUMAT;8 Nov 2024;14.00 - 16.15 WIB;(A303B) KU1.03.06;21 - 40;1;
S1 Informatika;CAK2BAB2;ANALISIS KOMPLEKSITAS ALGORITMA;44;22;IF-47-12;KMM;ONSITE;JUMAT;8 Nov 2024;14.00 - 16.15 WIB;(A304A) KU1.03.07;1 - 22;1;
S1 Informatika;CAK2BAB2;ANALISIS KOMPLEKSITAS ALGORITMA;44;22;IF-47-12;KMM;ONSITE;JUMAT;8 Nov 2024;14.00 - 16.15 WIB;(A304B) KU1.03.08;23 - 44;1;
S1 Informatika;CAK2BAB2;ANALISIS KOMPLEKSITAS ALGORITMA;26;26;IF-47-INT;GIA;ONSITE;JUMAT;8 Nov 2024;14.00 - 16.15 WIB;TULT-1509;1 - 26;1;
S1 Informatika;CAK2BAB2;ANALISIS KOMPLEKSITAS ALGORITMA;46;23;IFX-47-GAB;ABK;ONSITE;JUMAT;8 Nov 2024;14.00 - 16.15 WIB;(A308B) KU1.03.10;1 - 23;1;
S1 Informatika;CAK2BAB2;ANALISIS KOMPLEKSITAS ALGORITMA;46;23;IFX-47-GAB;ABK;ONSITE;JUMAT;8 Nov 2024;14.00 - 16.15 WIB;(A308A) KU1.03.11;24 - 46;1;
S1 Informatika;CAK2CAB3;SISTEM BASIS DATA;35;18;IF-47-01;CSO;ONSITE;SENIN;4 Nov 2024;14.00 - 16.15 WIB;TULT 0701;1 - 18;2;
S1 Informatika;CAK2CAB3;SISTEM BASIS DATA;35;17;IF-47-01;CSO;ONSITE;SENIN;4 Nov 2024;14.00 - 16.15 WIB;TULT 0702;19 - 35;2;
S1 Informatika;CAK2CAB3;SISTEM BASIS DATA;44;22;IF-47-02;NAT;ONSITE;SENIN;4 Nov 2024;14.00 - 16.15 WIB;TULT 0707;1 - 22;2;
S1 Informatika;CAK2CAB3;SISTEM BASIS DATA;44;22;IF-47-02;NAT;ONSITE;SENIN;4 Nov 2024;14.00 - 16.15 WIB;TULT 0709;23 - 44;2;
S1 Informatika;CAK2CAB3;SISTEM BASIS DATA;39;20;IF-47-03;NAT;ONSITE;SENIN;4 Nov 2024;14.00 - 16.15 WIB;TULT 0710;1 - 20;2;
;;;;;;;;;;;;;;
S1 Informatika;CAK2CAB3;SISTEM BASIS DATA;39;19;IF-47-03;NAT;ONSITE;SENIN;4 Nov 2024;14.00 - 16.15 WIB;TULT 0711;21 - 39;2;
S1 Informatika;CAK2CAB3;SISTEM BASIS DATA;37;19;IF-47-04;HAU;ONSITE;SENIN;4 Nov 2024;14.00 - 16.15 WIB;KU3.03.02;1 - 19;2;
S1 Informatika;CAK2CAB3;SISTEM BASIS DATA;37;18;IF-47-04;HAU;ONSITE;SENIN;4 Nov 2024;14.00 - 16.15 WIB;KU3.03.03;20 - 37;2;
S1 Informatika;CAK2CAB3;SISTEM BASIS DATA;39;20;IF-47-05;HAU;ONSITE;SENIN;4 Nov 2024;14.00 - 16.15 WIB;KU3.04.19;1 - 20;2;
S1 Informatika;CAK2CAB3;SISTEM BASIS DATA;39;19;IF-47-05;HAU;ONSITE;SENIN;4 Nov 2024;14.00 - 16.15 WIB;KU3.04.20;21 - 39;2;
S1 Informatika;CAK2CAB3;SISTEM BASIS DATA;35;18;IF-47-06;PHG;ONSITE;SENIN;4 Nov 2024;14.00 - 16.15 WIB;TULT 0603;1 - 18;2;
S1 Informatika;CAK2CAB3;SISTEM BASIS DATA;35;17;IF-47-06;PHG;ONSITE;SENIN;4 Nov 2024;14.00 - 16.15 WIB;TULT 0714;19 - 35;2;
S1 Informatika;CAK2CAB3;SISTEM BASIS DATA;40;20;IF-47-07;PHG;ONSITE;SENIN;4 Nov 2024;14.00 - 16.15 WIB;TULT 0715;1 - 20;2;
S1 Informatika;CAK2CAB3;SISTEM BASIS DATA;40;20;IF-47-07;PHG;ONSITE;SENIN;4 Nov 2024;14.00 - 16.15 WIB;TULT 0716;21 - 40;2;
S1 Informatika;CAK2CAB3;SISTEM BASIS DATA;40;20;IF-47-08;VLY;ONSITE;SENIN;4 Nov 2024;14.00 - 16.15 WIB;TULT 0703;1 - 20;2;
S1 Informatika;CAK2CAB3;SISTEM BASIS DATA;40;20;IF-47-08;VLY;ONSITE;SENIN;4 Nov 2024;14.00 - 16.15 WIB;TULT 0706;21 - 40;2;
S1 Informatika;CAK2CAB3;SISTEM BASIS DATA;34;17;IF-47-09;GAW;ONSITE;SENIN;4 Nov 2024;14.00 - 16.15 WIB;TULT 0601;1 - 17;2;
S1 Informatika;CAK2CAB3;SISTEM BASIS DATA;34;17;IF-47-09;GAW;ONSITE;SENIN;4 Nov 2024;14.00 - 16.15 WIB;TULT 0602;18 - 34;2;
S1 Informatika;CAK2CAB3;SISTEM BASIS DATA;35;18;IF-47-10;SYP;ONSITE;SENIN;4 Nov 2024;14.00 - 16.15 WIB;KU3.04.01;1 - 18;2;
S1 Informatika;CAK2CAB3;SISTEM BASIS DATA;35;17;IF-47-10;SYP;ONSITE;SENIN;4 Nov 2024;14.00 - 16.15 WIB;KU3.04.18;19 - 35;2;
S1 Informatika;CAK2CAB3;SISTEM BASIS DATA;39;20;IF-47-11;SYP;ONSITE;SENIN;4 Nov 2024;14.00 - 16.15 WIB;KU3.05.12;1 - 20;2;
S1 Informatika;CAK2CAB3;SISTEM BASIS DATA;39;19;IF-47-11;SYP;ONSITE;SENIN;4 Nov 2024;14.00 - 16.15 WIB;KU3.05.13;21 - 39;2;
S1 Informatika;CAK2CAB3;SISTEM BASIS DATA;35;18;IF-47-12;SYP;ONSITE;SENIN;4 Nov 2024;14.00 - 16.15 WIB;KU3.05.14;1 - 18;2;
S1 Informatika;CAK2CAB3;SISTEM BASIS DATA;35;17;IF-47-12;SYP;ONSITE;SENIN;4 Nov 2024;14.00 - 16.15 WIB;KU3.05.15;19 - 35;2;
S1 Informatika;CAK2CAB3;SISTEM BASIS DATA;25;25;IF-47-INT;GAW;ONSITE;SENIN;4 Nov 2024;14.00 - 16.15 WIB;TULT-1510;1 - 25;2;
S1 Informatika;CAK2EAB4;STRUKTUR DATA;36;18;IF-47-01;FSV;ONSITE;SELASA;5 Nov 2024;14.00 - 16.15 WIB;TULT 0701;1 - 18;2;
S1 Informatika;CAK2EAB4;STRUKTUR DATA;36;18;IF-47-01;FSV;ONSITE;SELASA;5 Nov 2024;14.00 - 16.15 WIB;TULT 0702;19 - 36;2;
S1 Informatika;CAK2EAB4;STRUKTUR DATA;43;22;IF-47-02;HUI;ONSITE;SELASA;5 Nov 2024;14.00 - 16.15 WIB;TULT 0703;1 - 22;2;
S1 Informatika;CAK2EAB4;STRUKTUR DATA;43;21;IF-47-02;HUI;ONSITE;SELASA;5 Nov 2024;14.00 - 16.15 WIB;TULT 0706;23 - 43;2;
S1 Informatika;CAK2EAB4;STRUKTUR DATA;38;19;IF-47-03;SMS;ONSITE;SELASA;5 Nov 2024;14.00 - 16.15 WIB;TULT 0714;1 - 19;2;
S1 Informatika;CAK2EAB4;STRUKTUR DATA;38;19;IF-47-03;SMS;ONSITE;SELASA;5 Nov 2024;14.00 - 16.15 WIB;TULT 0715;20 - 38;2;
S1 Informatika;CAK2EAB4;STRUKTUR DATA;37;19;IF-47-04;AUN;ONSITE;SELASA;5 Nov 2024;14.00 - 16.15 WIB;(A303A) KU1.03.05;1 - 19;2;
S1 Informatika;CAK2EAB4;STRUKTUR DATA;37;18;IF-47-04;AUN;ONSITE;SELASA;5 Nov 2024;14.00 - 16.15 WIB;(A303B) KU1.03.06;20 - 37;2;
S1 Informatika;CAK2EAB4;STRUKTUR DATA;41;21;IF-47-05;PEY;ONSITE;SELASA;5 Nov 2024;14.00 - 16.15 WIB;TULT 0601;1 - 21;2;
S1 Informatika;CAK2EAB4;STRUKTUR DATA;41;20;IF-47-05;PEY;ONSITE;SELASA;5 Nov 2024;14.00 - 16.15 WIB;TULT 0602;22 - 41;2;
S1 Informatika;CAK2EAB4;STRUKTUR DATA;35;18;IF-47-06;ELN;ONSITE;SELASA;5 Nov 2024;14.00 - 16.15 WIB;TULT 0707;1 - 18;2;
S1 Informatika;CAK2EAB4;STRUKTUR DATA;35;17;IF-47-06;ELN;ONSITE;SELASA;5 Nov 2024;14.00 - 16.15 WIB;TULT 0709;19 - 35;2;
S1 Informatika;CAK2EAB4;STRUKTUR DATA;39;20;IF-47-07;ELN;ONSITE;SELASA;5 Nov 2024;14.00 - 16.15 WIB;TULT 0710;1 - 20;2;
S1 Informatika;CAK2EAB4;STRUKTUR DATA;39;19;IF-47-07;ELN;ONSITE;SELASA;5 Nov 2024;14.00 - 16.15 WIB;TULT 0711;21 - 39;2;
S1 Informatika;CAK2EAB4;STRUKTUR DATA;39;20;IF-47-08;UFP;ONSITE;SELASA;5 Nov 2024;14.00 - 16.15 WIB;(A203B) KU1.02.06;1 - 20;2;
S1 Informatika;CAK2EAB4;STRUKTUR DATA;39;19;IF-47-08;UFP;ONSITE;SELASA;5 Nov 2024;14.00 - 16.15 WIB;(A204A) KU1.02.07;21 - 39;2;
S1 Informatika;CAK2EAB4;STRUKTUR DATA;39;20;IF-47-09;UFP;ONSITE;SELASA;5 Nov 2024;14.00 - 16.15 WIB;(A204B) KU1.02.08;1 - 20;2;
S1 Informatika;CAK2EAB4;STRUKTUR DATA;39;19;IF-47-09;UFP;ONSITE;SELASA;5 Nov 2024;14.00 - 16.15 WIB;(A207A) KU1.02.13;21 - 39;2;
S1 Informatika;CAK2EAB4;STRUKTUR DATA;38;19;IF-47-10;UFP;ONSITE;SELASA;5 Nov 2024;14.00 - 16.15 WIB;(A207B) KU1.02.14;1 - 19;2;
S1 Informatika;CAK2EAB4;STRUKTUR DATA;38;19;IF-47-10;UFP;ONSITE;SELASA;5 Nov 2024;14.00 - 16.15 WIB;(A208A) KU1.02.15;20 - 38;2;
S1 Informatika;CAK2EAB4;STRUKTUR DATA;38;19;IF-47-11;AUN;ONSITE;SELASA;5 Nov 2024;14.00 - 16.15 WIB;(A304A) KU1.03.07;1 - 19;2;
S1 Informatika;CAK2EAB4;STRUKTUR DATA;38;19;IF-47-11;AUN;ONSITE;SELASA;5 Nov 2024;14.00 - 16.15 WIB;(A304B) KU1.03.08;20 - 38;2;
S1 Informatika;CAK2EAB4;STRUKTUR DATA;35;18;IF-47-12;AUN;ONSITE;SELASA;5 Nov 2024;14.00 - 16.15 WIB;(A308B) KU1.03.10;1 - 18;2;
S1 Informatika;CAK2EAB4;STRUKTUR DATA;35;17;IF-47-12;AUN;ONSITE;SELASA;5 Nov 2024;14.00 - 16.15 WIB;(A308A) KU1.03.11;19 - 35;2;
S1 Informatika;CAK2EAB4;STRUKTUR DATA;29;15;IF-47-INT;DQU;ONSITE;SELASA;5 Nov 2024;14.00 - 16.15 WIB;TULT-1509;1 - 15;2;
S1 Informatika;CAK2EAB4;STRUKTUR DATA;29;14;IF-47-INT;DQU;ONSITE;SELASA;5 Nov 2024;14.00 - 16.15 WIB;TULT-1510;16 - 29;2;
S1 Informatika;CAK2FAB2;TEORI BAHASA DAN AUTOMATA;45;23;IF-47-01;ASA;ONSITE;KAMIS;7 Nov 2024;14.00 - 16.15 WIB;TULT 0701;1 - 23;2;
S1 Informatika;CAK2FAB2;TEORI BAHASA DAN AUTOMATA;45;22;IF-47-01;ASA;ONSITE;KAMIS;7 Nov 2024;14.00 - 16.15 WIB;TULT 0702;24 - 45;2;
S1 Informatika;CAK2FAB2;TEORI BAHASA DAN AUTOMATA;45;23;IF-47-02;ASA;ONSITE;KAMIS;7 Nov 2024;14.00 - 16.15 WIB;TULT 0703;1 - 23;2;
S1 Informatika;CAK2FAB2;TEORI BAHASA DAN AUTOMATA;45;22;IF-47-02;ASA;ONSITE;KAMIS;7 Nov 2024;14.00 - 16.15 WIB;TULT 0706;24 - 45;2;
S1 Informatika;CAK2FAB2;TEORI BAHASA DAN AUTOMATA;42;21;IF-47-03;ASA;ONSITE;KAMIS;7 Nov 2024;14.00 - 16.15 WIB;TULT 0707;1 - 21;2;
S1 Informatika;CAK2FAB2;TEORI BAHASA DAN AUTOMATA;42;21;IF-47-03;ASA;ONSITE;KAMIS;7 Nov 2024;14.00 - 16.15 WIB;TULT 0709;22 - 42;2;
S1 Informatika;CAK2FAB2;TEORI BAHASA DAN AUTOMATA;41;21;IF-47-04;ASA;ONSITE;KAMIS;7 Nov 2024;14.00 - 16.15 WIB;TULT 0710;1 - 21;2;
S1 Informatika;CAK2FAB2;TEORI BAHASA DAN AUTOMATA;41;20;IF-47-04;ASA;ONSITE;KAMIS;7 Nov 2024;14.00 - 16.15 WIB;TULT 0711;22 - 41;2;
S1 Informatika;CAK2FAB2;TEORI BAHASA DAN AUTOMATA;44;22;IF-47-05;ASA;ONSITE;KAMIS;7 Nov 2024;14.00 - 16.15 WIB;TULT 0714;1 - 22;2;
S1 Informatika;CAK2FAB2;TEORI BAHASA DAN AUTOMATA;44;22;IF-47-05;ASA;ONSITE;KAMIS;7 Nov 2024;14.00 - 16.15 WIB;TULT 0715;23 - 44;2;
S1 Informatika;CAK2FAB2;TEORI BAHASA DAN AUTOMATA;35;18;IF-47-06;HUI;ONSITE;KAMIS;7 Nov 2024;14.00 - 16.15 WIB;(A203B) KU1.02.06;1 - 18;2;
S1 Informatika;CAK2FAB2;TEORI BAHASA DAN AUTOMATA;35;17;IF-47-06;HUI;ONSITE;KAMIS;7 Nov 2024;14.00 - 16.15 WIB;(A204A) KU1.02.07;19 - 35;2;
S1 Informatika;CAK2FAB2;TEORI BAHASA DAN AUTOMATA;42;21;IF-47-07;DDR;ONSITE;KAMIS;7 Nov 2024;14.00 - 16.15 WIB;(A207A) KU1.02.13;1 - 21;2;
S1 Informatika;CAK2FAB2;TEORI BAHASA DAN AUTOMATA;42;21;IF-47-07;DDR;ONSITE;KAMIS;7 Nov 2024;14.00 - 16.15 WIB;(A207B) KU1.02.14;22 - 42;2;
S1 Informatika;CAK2FAB2;TEORI BAHASA DAN AUTOMATA;45;23;IF-47-08;DDR;ONSITE;KAMIS;7 Nov 2024;14.00 - 16.15 WIB;(A208A) KU1.02.15;1 - 23;2;
S1 Informatika;CAK2FAB2;TEORI BAHASA DAN AUTOMATA;45;22;IF-47-08;DDR;ONSITE;KAMIS;7 Nov 2024;14.00 - 16.15 WIB;(A208B) KU1.02.16;24 - 45;2;
S1 Informatika;CAK2FAB2;TEORI BAHASA DAN AUTOMATA;37;19;IF-47-09;AIH;ONSITE;KAMIS;7 Nov 2024;14.00 - 16.15 WIB;(A303A) KU1.03.05;1 - 19;2;
S1 Informatika;CAK2FAB2;TEORI BAHASA DAN AUTOMATA;37;18;IF-47-09;AIH;ONSITE;KAMIS;7 Nov 2024;14.00 - 16.15 WIB;(A303B) KU1.03.06;20 - 37;2;
S1 Informatika;CAK2FAB2;TEORI BAHASA DAN AUTOMATA;39;20;IF-47-10;AIH;ONSITE;KAMIS;7 Nov 2024;14.00 - 16.15 WIB;(A304A) KU1.03.07;1 - 20;2;
S1 Informatika;CAK2FAB2;TEORI BAHASA DAN AUTOMATA;39;19;IF-47-10;AIH;ONSITE;KAMIS;7 Nov 2024;14.00 - 16.15 WIB;(A304B) KU1.03.08;21 - 39;2;
S1 Informatika;CAK2FAB2;TEORI BAHASA DAN AUTOMATA;40;20;IF-47-11;FAQ;ONSITE;KAMIS;7 Nov 2024;14.00 - 16.15 WIB;(A308B) KU1.03.10;1 - 20;2;
S1 Informatika;CAK2FAB2;TEORI BAHASA DAN AUTOMATA;40;20;IF-47-11;FAQ;ONSITE;KAMIS;7 Nov 2024;14.00 - 16.15 WIB;(A310) KU1.03.14;21 - 40;2;
S1 Informatika;CAK2FAB2;TEORI BAHASA DAN AUTOMATA;43;22;IF-47-12;PEY;ONSITE;KAMIS;7 Nov 2024;14.00 - 16.15 WIB;(A308A) KU1.03.11;1 - 22;2;
S1 Informatika;CAK2FAB2;TEORI BAHASA DAN AUTOMATA;43;21;IF-47-12;PEY;ONSITE;KAMIS;7 Nov 2024;14.00 - 16.15 WIB;(A307B) KU1.03.12;23 - 43;2;
S1 Informatika;CAK2FAB2;TEORI BAHASA DAN AUTOMATA;32;16;IF-47-INT;GIA;ONSITE;KAMIS;7 Nov 2024;14.00 - 16.15 WIB;TULT-1509;1 - 16;2;
S1 Informatika;CAK2FAB2;TEORI BAHASA DAN AUTOMATA;32;16;IF-47-INT;GIA;ONSITE;KAMIS;7 Nov 2024;14.00 - 16.15 WIB;TULT-1510;17 - 32;2;
S1 Informatika;CAK2FAB2;TEORI BAHASA DAN AUTOMATA;49;25;IFX-47-GAB;ABK;ONSITE;KAMIS;7 Nov 2024;14.00 - 16.15 WIB;TULT 0601;1 - 25;2;
S1 Informatika;CAK2FAB2;TEORI BAHASA DAN AUTOMATA;49;24;IFX-47-GAB;ABK;ONSITE;KAMIS;7 Nov 2024;14.00 - 16.15 WIB;TULT 0602;26 - 49;2;
S1 Informatika;CAK2GAB3;TEORI PELUANG;38;38;IF-47-01;IPL;ONSITE;SELASA;5 Nov 2024;08.00 - 10.15 WIB;TULT 0701;1 - 38;1;
S1 Informatika;CAK2GAB3;TEORI PELUANG;39;39;IF-47-10;IND;ONSITE;SELASA;5 Nov 2024;08.00 - 10.15 WIB;TULT 0702;1 - 39;1;
S1 Informatika;CAK2GAB3;TEORI PELUANG;40;40;IF-47-03;RFU;ONSITE;SELASA;5 Nov 2024;08.00 - 10.15 WIB;TULT 0602;1 - 40;1;
S1 Informatika;CAK2GAB3;TEORI PELUANG;45;45;IF-47-04;RFU;ONSITE;SELASA;5 Nov 2024;08.00 - 10.15 WIB;TULT 0603;1 - 45;1;
S1 Informatika;CAK2GAB3;TEORI PELUANG;41;41;IF-47-05;SUS;ONSITE;SELASA;5 Nov 2024;08.00 - 10.15 WIB;TULT 0703;1 - 41;1;
S1 Informatika;CAK2GAB3;TEORI PELUANG;35;35;IF-47-06;SUS;ONSITE;SELASA;5 Nov 2024;08.00 - 10.15 WIB;TULT 0706;1 - 35;1;
S1 Informatika;CAK2GAB3;TEORI PELUANG;42;42;IF-47-07;WYT;ONSITE;SELASA;5 Nov 2024;08.00 - 10.15 WIB;TULT 0707;1 - 42;1;
S1 Informatika;CAK2GAB3;TEORI PELUANG;40;40;IF-47-08;WYT;ONSITE;SELASA;5 Nov 2024;08.00 - 10.15 WIB;TULT 0709;1 - 40;1;
S1 Informatika;CAK2GAB3;TEORI PELUANG;37;37;IF-47-09;EDW;ONSITE;SELASA;5 Nov 2024;08.00 - 10.15 WIB;TULT 0710;1 - 37;1;
S1 Informatika;CAK2GAB3;TEORI PELUANG;38;38;IF-47-02;EDW;ONSITE;SELASA;5 Nov 2024;08.00 - 10.15 WIB;TULT 0711;1 - 38;1;
S1 Informatika;CAK2GAB3;TEORI PELUANG;39;39;IF-47-11;FSO;ONSITE;SELASA;5 Nov 2024;08.00 - 10.15 WIB;TULT 0714;1 - 39;1;
S1 Informatika;CAK2GAB3;TEORI PELUANG;38;38;IF-47-12;FSO;ONSITE;SELASA;5 Nov 2024;08.00 - 10.15 WIB;TULT 0715;1 - 38;1;
S1 Informatika;CAK2GAB3;TEORI PELUANG;27;27;IF-47-INT;IPL;ONSITE;SELASA;5 Nov 2024;08.00 - 10.15 WIB;TULT-1510;1 - 27;1;
S1 Informatika;CAK2KAB4;PEMROGRAMAN BERORIENTASI OBJEK;39;20;IF-46-01;NTT;ONSITE;SABTU;9 Nov 2024;10.45 - 13.00 WIB;TULT 0601;1 - 20;2;
S1 Informatika;CAK2KAB4;PEMROGRAMAN BERORIENTASI OBJEK;39;19;IF-46-01;NTT;ONSITE;SABTU;9 Nov 2024;10.45 - 13.00 WIB;TULT 0602;21 - 20;2;
S1 Informatika;CAK2KAB4;PEMROGRAMAN BERORIENTASI OBJEK;41;21;IF-46-02;UAI;ONSITE;SABTU;9 Nov 2024;10.45 - 13.00 WIB;TULT 0701;1 - 21;2;
S1 Informatika;CAK2KAB4;PEMROGRAMAN BERORIENTASI OBJEK;41;20;IF-46-02;UAI;ONSITE;SABTU;9 Nov 2024;10.45 - 13.00 WIB;TULT 0702;22 - 21;2;
S1 Informatika;CAK2KAB4;PEMROGRAMAN BERORIENTASI OBJEK;33;17;IF-46-03;DWD;ONSITE;SABTU;9 Nov 2024;10.45 - 13.00 WIB;TULT 0703;1 - 17;2;
S1 Informatika;CAK2KAB4;PEMROGRAMAN BERORIENTASI OBJEK;33;16;IF-46-03;DWD;ONSITE;SABTU;9 Nov 2024;10.45 - 13.00 WIB;TULT 0706;18 - 17;2;
S1 Informatika;CAK2KAB4;PEMROGRAMAN BERORIENTASI OBJEK;28;14;IF-46-04;BTG;ONSITE;SABTU;9 Nov 2024;10.45 - 13.00 WIB;TULT 0707;1 - 14;2;
S1 Informatika;CAK2KAB4;PEMROGRAMAN BERORIENTASI OBJEK;28;14;IF-46-04;BTG;ONSITE;SABTU;9 Nov 2024;10.45 - 13.00 WIB;TULT 0709;15 - 14;2;
S1 Informatika;CAK2KAB4;PEMROGRAMAN BERORIENTASI OBJEK;36;18;IF-46-05;BTG;ONSITE;SABTU;9 Nov 2024;10.45 - 13.00 WIB;TULT 0710;1 - 18;2;
S1 Informatika;CAK2KAB4;PEMROGRAMAN BERORIENTASI OBJEK;36;18;IF-46-05;BTG;ONSITE;SABTU;9 Nov 2024;10.45 - 13.00 WIB;TULT 0711;19 - 18;2;
S1 Informatika;CAK2KAB4;PEMROGRAMAN BERORIENTASI OBJEK;37;19;IF-46-06;HFM;ONSITE;SABTU;9 Nov 2024;10.45 - 13.00 WIB;TULT 0714;1 - 19;2;
S1 Informatika;CAK2KAB4;PEMROGRAMAN BERORIENTASI OBJEK;37;18;IF-46-06;HFM;ONSITE;SABTU;9 Nov 2024;10.45 - 13.00 WIB;TULT 0715;20 - 19;2;
S1 Informatika;CAK2KAB4;PEMROGRAMAN BERORIENTASI OBJEK;38;19;IF-46-07;HFM;ONSITE;SABTU;9 Nov 2024;10.45 - 13.00 WIB;TULT 0716;1 - 19;2;
S1 Informatika;CAK2KAB4;PEMROGRAMAN BERORIENTASI OBJEK;38;19;IF-46-07;HFM;ONSITE;SABTU;9 Nov 2024;10.45 - 13.00 WIB;TULT 0603;20 - 19;2;
S1 Informatika;CAK2KAB4;PEMROGRAMAN BERORIENTASI OBJEK;40;20;IF-46-08;HFM;ONSITE;SABTU;9 Nov 2024;10.45 - 13.00 WIB;KU3.03.02;1 - 20;2;
S1 Informatika;CAK2KAB4;PEMROGRAMAN BERORIENTASI OBJEK;40;20;IF-46-08;HFM;ONSITE;SABTU;9 Nov 2024;10.45 - 13.00 WIB;KU3.03.03;21 - 20;2;
S1 Informatika;CAK2KAB4;PEMROGRAMAN BERORIENTASI OBJEK;34;17;IF-46-09;TRK;ONSITE;SABTU;9 Nov 2024;10.45 - 13.00 WIB;KU3.04.01;1 - 17;2;
S1 Informatika;CAK2KAB4;PEMROGRAMAN BERORIENTASI OBJEK;34;17;IF-46-09;TRK;ONSITE;SABTU;9 Nov 2024;10.45 - 13.00 WIB;KU3.04.18;18 - 17;2;
S1 Informatika;CAK2KAB4;PEMROGRAMAN BERORIENTASI OBJEK;37;19;IF-46-10;TRK;ONSITE;SABTU;9 Nov 2024;10.45 - 13.00 WIB;KU3.04.19;1 - 19;2;
S1 Informatika;CAK2KAB4;PEMROGRAMAN BERORIENTASI OBJEK;37;18;IF-46-10;TRK;ONSITE;SABTU;9 Nov 2024;10.45 - 13.00 WIB;KU3.04.20;20 - 19;2;
S1 Informatika;CAK2KAB4;PEMROGRAMAN BERORIENTASI OBJEK;36;18;IF-46-11;TRK;ONSITE;SABTU;9 Nov 2024;10.45 - 13.00 WIB;KU3.05.12;1 - 18;2;
S1 Informatika;CAK2KAB4;PEMROGRAMAN BERORIENTASI OBJEK;36;18;IF-46-11;TRK;ONSITE;SABTU;9 Nov 2024;10.45 - 13.00 WIB;KU3.05.13;19 - 18;2;
S1 Informatika;CAK2KAB4;PEMROGRAMAN BERORIENTASI OBJEK;36;18;IF-46-12;MTD;ONSITE;SABTU;9 Nov 2024;10.45 - 13.00 WIB;KU3.05.14;1 - 18;2;
S1 Informatika;CAK2KAB4;PEMROGRAMAN BERORIENTASI OBJEK;36;18;IF-46-12;MTD;ONSITE;SABTU;9 Nov 2024;10.45 - 13.00 WIB;KU3.05.15;19 - 18;2;
S1 Informatika;CAK2KAB4;PEMROGRAMAN BERORIENTASI OBJEK;35;35;IF-46-INT;DQU;ONSITE;SABTU;9 Nov 2024;10.45 - 13.00 WIB;TULT-1509;1 - 35;2;
S1 Informatika;CAK3CAB3;KEAMANAN SIBER;48;48;IF-46-01;YHR;ONSITE;RABU;6 Nov 2024;08.00 - 10.15 WIB;(A203B) KU1.02.06;1 - 48;1;
S1 Informatika;CAK3CAB3;KEAMANAN SIBER;36;36;IF-46-02;SUM;ONSITE;RABU;6 Nov 2024;08.00 - 10.15 WIB;(A208B) KU1.02.16;1 - 36;1;
S1 Informatika;CAK3CAB3;KEAMANAN SIBER;40;40;IF-46-03;VRA;ONSITE;RABU;6 Nov 2024;08.00 - 10.15 WIB;(A303A) KU1.03.05;1 - 40;1;
S1 Informatika;CAK3CAB3;KEAMANAN SIBER;37;37;IF-46-04;YHR;ONSITE;RABU;6 Nov 2024;08.00 - 10.15 WIB;(A204A) KU1.02.07;1 - 37;1;
S1 Informatika;CAK3CAB3;KEAMANAN SIBER;37;37;IF-46-05;YHR;ONSITE;RABU;6 Nov 2024;08.00 - 10.15 WIB;(A204B) KU1.02.08;1 - 37;1;
S1 Informatika;CAK3CAB3;KEAMANAN SIBER;42;42;IF-46-06;YHR;ONSITE;RABU;6 Nov 2024;08.00 - 10.15 WIB;(A207A) KU1.02.13;1 - 42;1;
S1 Informatika;CAK3CAB3;KEAMANAN SIBER;40;40;IF-46-07;YHR;ONSITE;RABU;6 Nov 2024;08.00 - 10.15 WIB;(A207B) KU1.02.14;1 - 40;1;
S1 Informatika;CAK3CAB3;KEAMANAN SIBER;33;33;IF-46-08;VRA;ONSITE;RABU;6 Nov 2024;08.00 - 10.15 WIB;(A208A) KU1.02.15;1 - 33;1;
S1 Informatika;CAK3CAB3;KEAMANAN SIBER;34;34;IF-46-09;FAZ;ONSITE;RABU;6 Nov 2024;08.00 - 10.15 WIB;(A303B) KU1.03.06;1 - 34;1;
S1 Informatika;CAK3CAB3;KEAMANAN SIBER;39;39;IF-46-10;SMD;ONSITE;RABU;6 Nov 2024;08.00 - 10.15 WIB;(A304A) KU1.03.07;1 - 39;1;
S1 Informatika;CAK3CAB3;KEAMANAN SIBER;39;39;IF-46-11;FAZ;ONSITE;RABU;6 Nov 2024;08.00 - 10.15 WIB;(A304B) KU1.03.08;1 - 39;1;
S1 Informatika;CAK3CAB3;KEAMANAN SIBER;41;41;IF-46-12;FAZ;ONSITE;RABU;6 Nov 2024;08.00 - 10.15 WIB;(A308B) KU1.03.10;1 - 41;1;
S1 Informatika;CAK3CAB3;KEAMANAN SIBER;50;50;IFX-47-01;ALH;ONSITE;RABU;6 Nov 2024;08.00 - 10.15 WIB;E302;1 - 50;1;
S1 Informatika;CAK3CAB3;KEAMANAN SIBER;37;37;IF-46-INT;YDN;ONSITE;RABU;6 Nov 2024;08.00 - 10.15 WIB;TULT-1509;1 - 37;1;
S1 Informatika;CAK3CAB3;KEAMANAN SIBER;22;22;IFX-46-GAB;SOL;ONSITE;RABU;6 Nov 2024;08.00 - 10.15 WIB;(A308A) KU1.03.11;1 - 22;1;
S1 Informatika;CAK3DAB3;KECERDASAN ARTIFISIAL;43;22;IF-46-01;COK;ONSITE;KAMIS;7 Nov 2024;10.45 - 13.00 WIB;TULT 0701;1 - 22;1;
S1 Informatika;CAK3DAB3;KECERDASAN ARTIFISIAL;43;21;IF-46-01;COK;ONSITE;KAMIS;7 Nov 2024;10.45 - 13.00 WIB;TULT 0702;23 - 43;1;
S1 Informatika;CAK3DAB3;KECERDASAN ARTIFISIAL;37;19;IF-46-02;FKI;ONSITE;KAMIS;7 Nov 2024;10.45 - 13.00 WIB;TULT 0703;1 - 19;1;
S1 Informatika;CAK3DAB3;KECERDASAN ARTIFISIAL;37;18;IF-46-02;FKI;ONSITE;KAMIS;7 Nov 2024;10.45 - 13.00 WIB;TULT 0706;20 - 37;1;
S1 Informatika;CAK3DAB3;KECERDASAN ARTIFISIAL;29;15;IF-46-03;FKI;ONSITE;KAMIS;7 Nov 2024;10.45 - 13.00 WIB;TULT 0707;1 - 15;1;
S1 Informatika;CAK3DAB3;KECERDASAN ARTIFISIAL;29;14;IF-46-03;FKI;ONSITE;KAMIS;7 Nov 2024;10.45 - 13.00 WIB;TULT 0709;16 - 29;1;
S1 Informatika;CAK3DAB3;KECERDASAN ARTIFISIAL;29;15;IF-46-04;BDP;ONSITE;KAMIS;7 Nov 2024;10.45 - 13.00 WIB;(A203B) KU1.02.06;1 - 15;1;
S1 Informatika;CAK3DAB3;KECERDASAN ARTIFISIAL;29;14;IF-46-04;BDP;ONSITE;KAMIS;7 Nov 2024;10.45 - 13.00 WIB;(A204A) KU1.02.07;16 - 29;1;
S1 Informatika;CAK3DAB3;KECERDASAN ARTIFISIAL;40;20;IF-46-05;IKN;ONSITE;KAMIS;7 Nov 2024;10.45 - 13.00 WIB;(A204B) KU1.02.08;1 - 20;1;
S1 Informatika;CAK3DAB3;KECERDASAN ARTIFISIAL;40;20;IF-46-05;IKN;ONSITE;KAMIS;7 Nov 2024;10.45 - 13.00 WIB;(A207A) KU1.02.13;21 - 40;1;
S1 Informatika;CAK3DAB3;KECERDASAN ARTIFISIAL;40;20;IF-46-06;DDR;ONSITE;KAMIS;7 Nov 2024;10.45 - 13.00 WIB;(A207B) KU1.02.14;1 - 20;1;
S1 Informatika;CAK3DAB3;KECERDASAN ARTIFISIAL;40;20;IF-46-06;DDR;ONSITE;KAMIS;7 Nov 2024;10.45 - 13.00 WIB;(A208A) KU1.02.15;21 - 40;1;
S1 Informatika;CAK3DAB3;KECERDASAN ARTIFISIAL;38;19;IF-46-07;IZA;ONSITE;KAMIS;7 Nov 2024;10.45 - 13.00 WIB;TULT 0601;1 - 19;1;
S1 Informatika;CAK3DAB3;KECERDASAN ARTIFISIAL;38;19;IF-46-07;IZA;ONSITE;KAMIS;7 Nov 2024;10.45 - 13.00 WIB;TULT 0602;20 - 38;1;
S1 Informatika;CAK3DAB3;KECERDASAN ARTIFISIAL;44;22;IF-46-08;UNW;ONSITE;KAMIS;7 Nov 2024;10.45 - 13.00 WIB;TULT 0710;1 - 22;1;
S1 Informatika;CAK3DAB3;KECERDASAN ARTIFISIAL;44;22;IF-46-08;UNW;ONSITE;KAMIS;7 Nov 2024;10.45 - 13.00 WIB;TULT 0711;23 - 44;1;
S1 Informatika;CAK3DAB3;KECERDASAN ARTIFISIAL;38;19;IF-46-09;GKL;ONSITE;KAMIS;7 Nov 2024;10.45 - 13.00 WIB;TULT 0714;1 - 19;1;
S1 Informatika;CAK3DAB3;KECERDASAN ARTIFISIAL;38;19;IF-46-09;GKL;ONSITE;KAMIS;7 Nov 2024;10.45 - 13.00 WIB;TULT 0715;20 - 38;1;
S1 Informatika;CAK3DAB3;KECERDASAN ARTIFISIAL;35;18;IF-46-10;ACK;ONSITE;KAMIS;7 Nov 2024;10.45 - 13.00 WIB;(A303A) KU1.03.05;1 - 18;1;
S1 Informatika;CAK3DAB3;KECERDASAN ARTIFISIAL;35;17;IF-46-10;ACK;ONSITE;KAMIS;7 Nov 2024;10.45 - 13.00 WIB;(A303B) KU1.03.06;19 - 35;1;
S1 Informatika;CAK3DAB3;KECERDASAN ARTIFISIAL;42;21;IF-46-11;ATW;ONSITE;KAMIS;7 Nov 2024;10.45 - 13.00 WIB;(A304A) KU1.03.07;1 - 21;1;
S1 Informatika;CAK3DAB3;KECERDASAN ARTIFISIAL;42;21;IF-46-11;ATW;ONSITE;KAMIS;7 Nov 2024;10.45 - 13.00 WIB;(A304B) KU1.03.08;22 - 42;1;
S1 Informatika;CAK3DAB3;KECERDASAN ARTIFISIAL;36;18;IF-46-12;BBD;ONSITE;KAMIS;7 Nov 2024;10.45 - 13.00 WIB;(A308B) KU1.03.10;1 - 18;1;
S1 Informatika;CAK3DAB3;KECERDASAN ARTIFISIAL;36;18;IF-46-12;BBD;ONSITE;KAMIS;7 Nov 2024;10.45 - 13.00 WIB;(A308A) KU1.03.11;19 - 36;1;
S1 Informatika;CAK3DAB3;KECERDASAN ARTIFISIAL;38;19;IF-46-INT;EDF;ONSITE;KAMIS;7 Nov 2024;10.45 - 13.00 WIB;TULT-1509;1 - 19;1;
S1 Informatika;CAK3DAB3;KECERDASAN ARTIFISIAL;38;19;IF-46-INT;EDF;ONSITE;KAMIS;7 Nov 2024;10.45 - 13.00 WIB;TULT-1510;20 - 38;1;
S1 Informatika PJJ;CAK3DAB3;KECERDASAN ARTIFISIAL;21;21;IF-46-01PJJ;UNW;ONLINE;KAMIS;7 Nov 2024;18.30 - 20.45 WIB;ONLINE;1 - 21;1;
S1 Informatika PJJ;CAK3DAB3;KECERDASAN ARTIFISIAL;17;17;IF-46-02PJJ;UNW;ONLINE;KAMIS;7 Nov 2024;18.30 - 20.45 WIB;ONLINE;1 - 17;1;
S1 Informatika;CAK3EAB3;KOMPUTASI AWAN DAN TERDISTRIBUSI;36;18;IF-46-01;UTY;ONSITE;SENIN;4 Nov 2024;10.45 - 13.00 WIB;TULT 0601;1 - 18;1;
S1 Informatika;CAK3EAB3;KOMPUTASI AWAN DAN TERDISTRIBUSI;36;18;IF-46-01;UTY;ONSITE;SENIN;4 Nov 2024;10.45 - 13.00 WIB;TULT 0602;19 - 36;1;
S1 Informatika;CAK3EAB3;KOMPUTASI AWAN DAN TERDISTRIBUSI;41;21;IF-46-02;EMJ;ONSITE;SENIN;4 Nov 2024;10.45 - 13.00 WIB;TULT 0701;1 - 21;1;
S1 Informatika;CAK3EAB3;KOMPUTASI AWAN DAN TERDISTRIBUSI;41;20;IF-46-02;EMJ;ONSITE;SENIN;4 Nov 2024;10.45 - 13.00 WIB;TULT 0702;22 - 41;1;
S1 Informatika;CAK3EAB3;KOMPUTASI AWAN DAN TERDISTRIBUSI;35;18;IF-46-03;EMJ;ONSITE;SENIN;4 Nov 2024;10.45 - 13.00 WIB;TULT 0703;1 - 18;1;
S1 Informatika;CAK3EAB3;KOMPUTASI AWAN DAN TERDISTRIBUSI;35;17;IF-46-03;EMJ;ONSITE;SENIN;4 Nov 2024;10.45 - 13.00 WIB;TULT 0706;19 - 35;1;
S1 Informatika;CAK3EAB3;KOMPUTASI AWAN DAN TERDISTRIBUSI;31;16;IF-46-04;VMD;ONSITE;SENIN;4 Nov 2024;10.45 - 13.00 WIB;TULT 0707;1 - 16;1;
S1 Informatika;CAK3EAB3;KOMPUTASI AWAN DAN TERDISTRIBUSI;31;15;IF-46-04;VMD;ONSITE;SENIN;4 Nov 2024;10.45 - 13.00 WIB;TULT 0709;17 - 31;1;
S1 Informatika;CAK3EAB3;KOMPUTASI AWAN DAN TERDISTRIBUSI;37;19;IF-46-05;VMD;ONSITE;SENIN;4 Nov 2024;10.45 - 13.00 WIB;TULT 0710;1 - 19;1;
S1 Informatika;CAK3EAB3;KOMPUTASI AWAN DAN TERDISTRIBUSI;37;18;IF-46-05;VMD;ONSITE;SENIN;4 Nov 2024;10.45 - 13.00 WIB;TULT 0711;20 - 37;1;
S1 Informatika;CAK3EAB3;KOMPUTASI AWAN DAN TERDISTRIBUSI;33;17;IF-46-06;FAH;ONSITE;SENIN;4 Nov 2024;10.45 - 13.00 WIB;KU3.04.01;1 - 17;1;
S1 Informatika;CAK3EAB3;KOMPUTASI AWAN DAN TERDISTRIBUSI;33;16;IF-46-06;FAH;ONSITE;SENIN;4 Nov 2024;10.45 - 13.00 WIB;KU3.04.18;18 - 33;1;
S1 Informatika;CAK3EAB3;KOMPUTASI AWAN DAN TERDISTRIBUSI;37;19;IF-46-07;FAH;ONSITE;SENIN;4 Nov 2024;10.45 - 13.00 WIB;KU3.04.19;1 - 19;1;
S1 Informatika;CAK3EAB3;KOMPUTASI AWAN DAN TERDISTRIBUSI;37;18;IF-46-07;FAH;ONSITE;SENIN;4 Nov 2024;10.45 - 13.00 WIB;KU3.04.20;20 - 37;1;
S1 Informatika;CAK3EAB3;KOMPUTASI AWAN DAN TERDISTRIBUSI;32;16;IF-46-08;FAH;ONSITE;SENIN;4 Nov 2024;10.45 - 13.00 WIB;KU3.05.12;1 - 16;1;
S1 Informatika;CAK3EAB3;KOMPUTASI AWAN DAN TERDISTRIBUSI;32;16;IF-46-08;FAH;ONSITE;SENIN;4 Nov 2024;10.45 - 13.00 WIB;KU3.05.13;17 - 32;1;
S1 Informatika;CAK3EAB3;KOMPUTASI AWAN DAN TERDISTRIBUSI;36;18;IF-46-09;ISB;ONSITE;SENIN;4 Nov 2024;10.45 - 13.00 WIB;(A207A) KU1.02.13;1 - 18;1;
S1 Informatika;CAK3EAB3;KOMPUTASI AWAN DAN TERDISTRIBUSI;36;18;IF-46-09;ISB;ONSITE;SENIN;4 Nov 2024;10.45 - 13.00 WIB;(A207B) KU1.02.14;19 - 36;1;
S1 Informatika;CAK3EAB3;KOMPUTASI AWAN DAN TERDISTRIBUSI;38;19;IF-46-10;ISB;ONSITE;SENIN;4 Nov 2024;10.45 - 13.00 WIB;(A208A) KU1.02.15;1 - 19;1;
S1 Informatika;CAK3EAB3;KOMPUTASI AWAN DAN TERDISTRIBUSI;38;19;IF-46-10;ISB;ONSITE;SENIN;4 Nov 2024;10.45 - 13.00 WIB;(A208B) KU1.02.16;20 - 38;1;
S1 Informatika;CAK3EAB3;KOMPUTASI AWAN DAN TERDISTRIBUSI;36;18;IF-46-11;ISB;ONSITE;SENIN;4 Nov 2024;10.45 - 13.00 WIB;(A303A) KU1.03.05;1 - 18;1;
S1 Informatika;CAK3EAB3;KOMPUTASI AWAN DAN TERDISTRIBUSI;36;18;IF-46-11;ISB;ONSITE;SENIN;4 Nov 2024;10.45 - 13.00 WIB;(A303B) KU1.03.06;19 - 36;1;
S1 Informatika;CAK3EAB3;KOMPUTASI AWAN DAN TERDISTRIBUSI;41;21;IF-46-12;ISB;ONSITE;SENIN;4 Nov 2024;10.45 - 13.00 WIB;(A304A) KU1.03.07;1 - 21;1;
S1 Informatika;CAK3EAB3;KOMPUTASI AWAN DAN TERDISTRIBUSI;41;20;IF-46-12;ISB;ONSITE;SENIN;4 Nov 2024;10.45 - 13.00 WIB;(A304B) KU1.03.08;22 - 41;1;
S1 Informatika;CAK3EAB3;KOMPUTASI AWAN DAN TERDISTRIBUSI;35;18;IF-46-INT;UTY;ONSITE;SENIN;4 Nov 2024;10.45 - 13.00 WIB;TULT-1509;1 - 18;1;
S1 Informatika;CAK3EAB3;KOMPUTASI AWAN DAN TERDISTRIBUSI;35;17;IF-46-INT;UTY;ONSITE;SENIN;4 Nov 2024;10.45 - 13.00 WIB;TULT-1510;19 - 35;1;
S1 Informatika;CAK3EAB3;KOMPUTASI AWAN DAN TERDISTRIBUSI;44;22;IFX-47-01;ISB;ONSITE;SENIN;4 Nov 2024;10.45 - 13.00 WIB;(A308B) KU1.03.10;1 - 22;1;
S1 Informatika;CAK3EAB3;KOMPUTASI AWAN DAN TERDISTRIBUSI;44;22;IFX-47-01;ISB;ONSITE;SENIN;4 Nov 2024;10.45 - 13.00 WIB;(A308A) KU1.03.11;23 - 44;1;
S1 Informatika;CAK3FAB3;MANAJEMEN PROJEK TIK;49;25;IF-46-GAB01;IDL;ONSITE;RABU;6 Nov 2024;10.45 - 13.00 WIB;TULT 0701;1 - 25;1;
S1 Informatika;CAK3FAB3;MANAJEMEN PROJEK TIK;49;24;IF-46-GAB01;IDL;ONSITE;RABU;6 Nov 2024;10.45 - 13.00 WIB;TULT 0702;26 - 49;1;
S1 Informatika;CAK3FAB3;MANAJEMEN PROJEK TIK;46;23;IF-46-GAB02;YFA;ONSITE;RABU;6 Nov 2024;10.45 - 13.00 WIB;TULT 0706;1 - 23;1;
S1 Informatika;CAK3FAB3;MANAJEMEN PROJEK TIK;46;23;IF-46-GAB02;YFA;ONSITE;RABU;6 Nov 2024;10.45 - 13.00 WIB;TULT 0707;24 - 46;1;
S1 Informatika;CAK3FAB3;MANAJEMEN PROJEK TIK;49;25;IF-46-GAB03;EKD;ONSITE;RABU;6 Nov 2024;10.45 - 13.00 WIB;E302;1 - 25;1;
S1 Informatika;CAK3FAB3;MANAJEMEN PROJEK TIK;49;24;IF-46-GAB03;EKD;ONSITE;RABU;6 Nov 2024;10.45 - 13.00 WIB;E302;26 - 49;1;
S1 Informatika;CAK3FAB3;MANAJEMEN PROJEK TIK;48;24;IF-46-GAB04;CSO;ONSITE;RABU;6 Nov 2024;10.45 - 13.00 WIB;(A308B) KU1.03.10;1 - 24;1;
S1 Informatika;CAK3FAB3;MANAJEMEN PROJEK TIK;48;24;IF-46-GAB04;CSO;ONSITE;RABU;6 Nov 2024;10.45 - 13.00 WIB;(A310) KU1.03.14;25 - 48;1;
S1 Informatika;CAK3FAB3;MANAJEMEN PROJEK TIK;50;25;IF-46-GAB05;CSO;ONSITE;RABU;6 Nov 2024;10.45 - 13.00 WIB;(A307B) KU1.03.12;1 - 25;1;
S1 Informatika;CAK3FAB3;MANAJEMEN PROJEK TIK;50;25;IF-46-GAB05;CSO;ONSITE;RABU;6 Nov 2024;10.45 - 13.00 WIB;(A308A) KU1.03.11;26 - 50;1;
S1 Informatika;CAK3FAB3;MANAJEMEN PROJEK TIK;48;24;IF-46-GAB06;YFA;ONSITE;RABU;6 Nov 2024;10.45 - 13.00 WIB;TULT 0715;1 - 24;1;
S1 Informatika;CAK3FAB3;MANAJEMEN PROJEK TIK;48;24;IF-46-GAB06;YFA;ONSITE;RABU;6 Nov 2024;10.45 - 13.00 WIB;TULT 0716;25 - 48;1;
S1 Informatika;CAK3FAB3;MANAJEMEN PROJEK TIK;42;21;IF-46-GAB07;DGS;ONSITE;RABU;6 Nov 2024;10.45 - 13.00 WIB;TULT 0709;1 - 21;1;
S1 Informatika;CAK3FAB3;MANAJEMEN PROJEK TIK;42;21;IF-46-GAB07;DGS;ONSITE;RABU;6 Nov 2024;10.45 - 13.00 WIB;TULT 0710;22 - 42;1;
S1 Informatika;CAK3FAB3;MANAJEMEN PROJEK TIK;29;29;IF-46-INT;DGS;ONSITE;RABU;6 Nov 2024;10.45 - 13.00 WIB;TULT-1509;1 - 29;1;
S1 Informatika;CAK3JAB3;PEMBELAJARAN MESIN;50;25;IFX-47-01;UNW;ONSITE;SELASA;5 Nov 2024;10.45 - 13.00 WIB;TULT 0715;1 - 25;1;
S1 Informatika;CAK3JAB3;PEMBELAJARAN MESIN;50;25;IFX-47-01;UNW;ONSITE;SELASA;5 Nov 2024;10.45 - 13.00 WIB;TULT 0716;26 - 50;1;
S1 Informatika;CAK4VBB3;VERIFIKASI DAN VALIDASI PERANGKAT LUNAK;45;23;IF-45-SEAL.01;RSC;ONSITE;RABU;6 Nov 2024;10.45 - 13.00 WIB;TULT 0711;1 - 23;2;
S1 Informatika;CAK4VBB3;VERIFIKASI DAN VALIDASI PERANGKAT LUNAK;45;22;IF-45-SEAL.01;RSC;ONSITE;RABU;6 Nov 2024;10.45 - 13.00 WIB;TULT 0714;24 - 45;2;
S1 Informatika;CAK4WBB3;VISI KOMPUTER;36;18;IF-45-DSIS.01;EAR;ONSITE;KAMIS;7 Nov 2024;08.00 - 10.15 WIB;KU3.03.02;1 - 18;1;
S1 Informatika;CAK4WBB3;VISI KOMPUTER;36;18;IF-45-DSIS.01;EAR;ONSITE;KAMIS;7 Nov 2024;08.00 - 10.15 WIB;KU3.03.03;19 - 36;1;
S1 Informatika;CAK4WBB3;VISI KOMPUTER;37;19;IF-45-DSIS.02;COK;ONSITE;KAMIS;7 Nov 2024;08.00 - 10.15 WIB;KU3.04.01;1 - 19;1;
S1 Informatika;CAK4WBB3;VISI KOMPUTER;37;18;IF-45-DSIS.02;COK;ONSITE;KAMIS;7 Nov 2024;08.00 - 10.15 WIB;KU3.04.18;20 - 37;1;
S1 Informatika;CAK4WBB3;VISI KOMPUTER;46;23;IF-45-DSIS.03;BDP;ONSITE;KAMIS;7 Nov 2024;08.00 - 10.15 WIB;KU3.04.19;1 - 23;1;
S1 Informatika;CAK4WBB3;VISI KOMPUTER;46;23;IF-45-DSIS.03;BDP;ONSITE;KAMIS;7 Nov 2024;08.00 - 10.15 WIB;KU3.04.20;24 - 46;1;
S1 Teknologi Informasi;CBK1AAB3;LOGIKA MATEMATIKA;41;41;IT-48-01;LZD;ONSITE;SABTU;9 Nov 2024;08.00 - 10.15 WIB;(A203B) KU1.02.06;1 - 41;1;
S1 Teknologi Informasi;CBK1AAB3;LOGIKA MATEMATIKA;38;38;IT-48-02;WKF;ONSITE;SABTU;9 Nov 2024;08.00 - 10.15 WIB;(A204A) KU1.02.07;1 - 38;1;
S1 Teknologi Informasi;CBK1AAB3;LOGIKA MATEMATIKA;37;37;IT-48-03;YAI;ONSITE;SABTU;9 Nov 2024;08.00 - 10.15 WIB;(A204B) KU1.02.08;1 - 37;1;
S1 Teknologi Informasi;CBK1AAB3;LOGIKA MATEMATIKA;39;39;IT-48-04;TMY;ONSITE;SABTU;9 Nov 2024;08.00 - 10.15 WIB;(A207A) KU1.02.13;1 - 39;1;
S1 Teknologi Informasi;CBK1AAB3;LOGIKA MATEMATIKA;43;43;IT-48-05;IYK;ONSITE;SABTU;9 Nov 2024;08.00 - 10.15 WIB;(A207B) KU1.02.14;1 - 43;1;
S1 Teknologi Informasi;CBK1AAB3;LOGIKA MATEMATIKA;12;12;IT-48-GABREM;TMY;ONSITE;SABTU;9 Nov 2024;08.00 - 10.15 WIB;(A208A) KU1.02.15;1 - 12;1;
S1 Teknologi Informasi;CBK1BAB4;BERPIKIR KOMPUTASIONAL & PENGENALAN PEMROGRAMAN;42;42;IT-48-01;ACK;ONSITE;RABU;6 Nov 2024;10.45 - 13.00 WIB;(A303A) KU1.03.05;1 - 42;2;
S1 Teknologi Informasi;CBK1BAB4;BERPIKIR KOMPUTASIONAL & PENGENALAN PEMROGRAMAN;40;40;IT-48-02;FDF;ONSITE;RABU;6 Nov 2024;10.45 - 13.00 WIB;(A303B) KU1.03.06;1 - 40;2;
S1 Teknologi Informasi;CBK1BAB4;BERPIKIR KOMPUTASIONAL & PENGENALAN PEMROGRAMAN;42;42;IT-48-03;BMG;ONSITE;RABU;6 Nov 2024;10.45 - 13.00 WIB;(A304A) KU1.03.07;1 - 42;2;
S1 Teknologi Informasi;CBK1BAB4;BERPIKIR KOMPUTASIONAL & PENGENALAN PEMROGRAMAN;39;39;IT-48-04;DWD;ONSITE;RABU;6 Nov 2024;10.45 - 13.00 WIB;(A304B) KU1.03.08;1 - 39;2;
S1 Teknologi Informasi;CBK1BAB4;BERPIKIR KOMPUTASIONAL & PENGENALAN PEMROGRAMAN;39;39;IT-48-05;FAQ;ONSITE;RABU;6 Nov 2024;10.45 - 13.00 WIB;(A307A) KU1.03.13;1 - 39;2;
S1 Teknologi Informasi;CBK1CAB3;KALKULUS;41;41;IT-48-01;DNS;ONSITE;KAMIS;7 Nov 2024;10.45 - 13.00 WIB;KU3.04.19;1 - 41;2;
S1 Teknologi Informasi;CBK1CAB3;KALKULUS;40;40;IT-48-02;KMQ;ONSITE;KAMIS;7 Nov 2024;10.45 - 13.00 WIB;KU3.04.20;1 - 40;2;
S1 Teknologi Informasi;CBK1CAB3;KALKULUS;43;43;IT-48-03;KMQ;ONSITE;KAMIS;7 Nov 2024;10.45 - 13.00 WIB;KU3.05.12;1 - 43;2;
S1 Teknologi Informasi;CBK1CAB3;KALKULUS;42;42;IT-48-04;ENT;ONSITE;KAMIS;7 Nov 2024;10.45 - 13.00 WIB;KU3.05.13;1 - 42;2;
S1 Teknologi Informasi;CBK1CAB3;KALKULUS;39;39;IT-48-05;ENT;ONSITE;KAMIS;7 Nov 2024;10.45 - 13.00 WIB;KU3.05.14;1 - 39;2;
S1 Teknologi Informasi;CBK2AAB2;TEORI PELUANG;39;39;IT-47-KHS;IND;ONSITE;RABU;6 Nov 2024;08.00 - 10.15 WIB;TULT 0601;1 - 39;1;
S1 Teknologi Informasi;CBK2AAB2;TEORI PELUANG;42;42;IT-47-01;SUS;ONSITE;RABU;6 Nov 2024;08.00 - 10.15 WIB;TULT 0602;1 - 42;1;
S1 Teknologi Informasi;CBK2AAB2;TEORI PELUANG;40;40;IT-47-02;SUS;ONSITE;RABU;6 Nov 2024;08.00 - 10.15 WIB;TULT 0603;1 - 40;1;
S1 Teknologi Informasi;CBK2AAB2;TEORI PELUANG;34;34;IT-47-03;FSO;ONSITE;RABU;6 Nov 2024;08.00 - 10.15 WIB;TULT 0715;1 - 34;1;
S1 Teknologi Informasi;CBK2AAB2;TEORI PELUANG;38;38;IT-47-04;FSO;ONSITE;RABU;6 Nov 2024;08.00 - 10.15 WIB;TULT 0716;1 - 38;1;
S1 Rekayasa Perangkat Lunak;CCK2AAB4;STRUKTUR DATA;35;18;SE-47-01;JYN;ONSITE;SELASA;5 Nov 2024;10.45 - 13.00 WIB;KU3.03.02;1 - 18;1;
S1 Rekayasa Perangkat Lunak;CCK2AAB4;STRUKTUR DATA;35;17;SE-47-01;JYN;ONSITE;SELASA;5 Nov 2024;10.45 - 13.00 WIB;KU3.03.03;19 - 35;1;
S1 Rekayasa Perangkat Lunak;CCK2AAB4;STRUKTUR DATA;44;22;SE-47-02;ASA;ONSITE;SELASA;5 Nov 2024;10.45 - 13.00 WIB;KU3.04.01;1 - 22;1;
S1 Rekayasa Perangkat Lunak;CCK2AAB4;STRUKTUR DATA;44;22;SE-47-02;ASA;ONSITE;SELASA;5 Nov 2024;10.45 - 13.00 WIB;KU3.04.18;23 - 44;1;
S1 Rekayasa Perangkat Lunak;CCK2AAB4;STRUKTUR DATA;30;15;SE-47-03;JYN;ONSITE;SELASA;5 Nov 2024;10.45 - 13.00 WIB;KU3.04.19;1 - 15;1;
S1 Rekayasa Perangkat Lunak;CCK2AAB4;STRUKTUR DATA;30;15;SE-47-03;JYN;ONSITE;SELASA;5 Nov 2024;10.45 - 13.00 WIB;KU3.04.20;16 - 30;1;
S1 Rekayasa Perangkat Lunak;CCK2AAB4;STRUKTUR DATA;36;18;SE-47-04;JYN;ONSITE;SELASA;5 Nov 2024;10.45 - 13.00 WIB;KU3.05.12;1 - 18;1;
S1 Rekayasa Perangkat Lunak;CCK2AAB4;STRUKTUR DATA;36;18;SE-47-04;JYN;ONSITE;SELASA;5 Nov 2024;10.45 - 13.00 WIB;KU3.05.13;19 - 36;1;
S1 Sains Data;CDK2AAB4;STRUKTUR DATA;38;19;DS-47-01;IGR;ONSITE;SELASA;5 Nov 2024;14.00 - 16.15 WIB;KU3.03.02;1 - 19;2;
S1 Sains Data;CDK2AAB4;STRUKTUR DATA;38;19;DS-47-01;IGR;ONSITE;SELASA;5 Nov 2024;14.00 - 16.15 WIB;KU3.03.03;20 - 38;2;
S1 Teknologi Informasi;CBK2EAB3;ORGANISASI DAN ARSITEKTUR KOMPUTER;39;20;IT-47-KHS;UIR;ONSITE;SENIN;4 Nov 2024;08.00 - 10.15 WIB;TULT 0601;1 - 20;2;
S1 Teknologi Informasi;CBK2EAB3;ORGANISASI DAN ARSITEKTUR KOMPUTER;39;19;IT-47-KHS;UIR;ONSITE;SENIN;4 Nov 2024;08.00 - 10.15 WIB;TULT 0602;21 - 39;2;
S1 Teknologi Informasi;CBK2EAB3;ORGANISASI DAN ARSITEKTUR KOMPUTER;42;21;IT-47-01;END;ONSITE;SENIN;4 Nov 2024;08.00 - 10.15 WIB;(A307A) KU1.03.13;1 - 21;2;
S1 Teknologi Informasi;CBK2EAB3;ORGANISASI DAN ARSITEKTUR KOMPUTER;42;21;IT-47-01;END;ONSITE;SENIN;4 Nov 2024;08.00 - 10.15 WIB;(A307B) KU1.03.12;22 - 42;2;
S1 Teknologi Informasi;CBK2EAB3;ORGANISASI DAN ARSITEKTUR KOMPUTER;36;18;IT-47-02;IDV;ONSITE;SENIN;4 Nov 2024;08.00 - 10.15 WIB;TULT 0703;1 - 18;2;
S1 Teknologi Informasi;CBK2EAB3;ORGANISASI DAN ARSITEKTUR KOMPUTER;36;18;IT-47-02;IDV;ONSITE;SENIN;4 Nov 2024;08.00 - 10.15 WIB;TULT 0706;19 - 36;2;
S1 Teknologi Informasi;CBK2EAB3;ORGANISASI DAN ARSITEKTUR KOMPUTER;30;15;IT-47-03;IDV;ONSITE;SENIN;4 Nov 2024;08.00 - 10.15 WIB;TULT 0707;1 - 15;2;
S1 Teknologi Informasi;CBK2EAB3;ORGANISASI DAN ARSITEKTUR KOMPUTER;30;15;IT-47-03;IDV;ONSITE;SENIN;4 Nov 2024;08.00 - 10.15 WIB;TULT 0709;16 - 30;2;
S1 Teknologi Informasi;CBK2EAB3;ORGANISASI DAN ARSITEKTUR KOMPUTER;39;20;IT-47-04;FBW;ONSITE;SENIN;4 Nov 2024;08.00 - 10.15 WIB;TULT 0710;1 - 20;2;
S1 Teknologi Informasi;CBK2EAB3;ORGANISASI DAN ARSITEKTUR KOMPUTER;39;19;IT-47-04;FBW;ONSITE;SENIN;4 Nov 2024;08.00 - 10.15 WIB;TULT 0711;21 - 39;2;
S1 Teknologi Informasi;CBK3CAB4;PEMROGRAMAN BERORIENTASI OBJEK;49;25;IT-46-01;MTD;ONSITE;SABTU;9 Nov 2024;08.00 - 10.15 WIB;KU3.03.02;1 - 25;2;
S1 Teknologi Informasi;CBK3CAB4;PEMROGRAMAN BERORIENTASI OBJEK;49;24;IT-46-01;MTD;ONSITE;SABTU;9 Nov 2024;08.00 - 10.15 WIB;KU3.03.03;26 - 49;2;
S1 Teknologi Informasi;CBK3CAB4;PEMROGRAMAN BERORIENTASI OBJEK;48;24;IT-46-02;HFM;ONSITE;SABTU;9 Nov 2024;08.00 - 10.15 WIB;KU3.04.01;1 - 24;2;
S1 Teknologi Informasi;CBK3CAB4;PEMROGRAMAN BERORIENTASI OBJEK;48;24;IT-46-02;HFM;ONSITE;SABTU;9 Nov 2024;08.00 - 10.15 WIB;KU3.04.18;25 - 48;2;
S1 Teknologi Informasi;CBK3CAB4;PEMROGRAMAN BERORIENTASI OBJEK;49;25;IT-46-03;BTG;ONSITE;SABTU;9 Nov 2024;08.00 - 10.15 WIB;KU3.04.19;1 - 25;2;
S1 Teknologi Informasi;CBK3CAB4;PEMROGRAMAN BERORIENTASI OBJEK;49;24;IT-46-03;BTG;ONSITE;SABTU;9 Nov 2024;08.00 - 10.15 WIB;KU3.04.20;26 - 49;2;
S1 Teknologi Informasi;CBK3CAB4;PEMROGRAMAN BERORIENTASI OBJEK;49;25;IT-46-04;BTG;ONSITE;SABTU;9 Nov 2024;08.00 - 10.15 WIB;KU3.05.12;1 - 25;2;
S1 Teknologi Informasi;CBK3CAB4;PEMROGRAMAN BERORIENTASI OBJEK;49;24;IT-46-04;BTG;ONSITE;SABTU;9 Nov 2024;08.00 - 10.15 WIB;KU3.05.13;26 - 49;2;
S1 Teknologi Informasi;CBK4WBB3;JARINGAN TERDEFINISI PERANGKAT LUNAK & VIRTUALISASI FUNGSI JARINGAN;25;13;IT-45-GAB;SBG;ONSITE;KAMIS;7 Nov 2024;08.00 - 10.15 WIB;TULT 0714;1 - 13;1;
S1 Teknologi Informasi;CBK4WBB3;JARINGAN TERDEFINISI PERANGKAT LUNAK & VIRTUALISASI FUNGSI JARINGAN;25;12;IT-45-GAB;SBG;ONSITE;KAMIS;7 Nov 2024;08.00 - 10.15 WIB;TULT 0715;14 - 25;1;
S1 Rekayasa Perangkat Lunak;CCK1BAB3;KALKULUS;42;21;SE-48-01;DNS;ONSITE;KAMIS;7 Nov 2024;10.45 - 13.00 WIB;KU3.03.02;1 - 42;2;
S1 Rekayasa Perangkat Lunak;CCK1BAB3;KALKULUS;46;23;SE-48-02;KMQ;ONSITE;KAMIS;7 Nov 2024;10.45 - 13.00 WIB;KU3.03.03;1 - 46;2;
S1 Rekayasa Perangkat Lunak;CCK1BAB3;KALKULUS;42;21;SE-48-03;AIE;ONSITE;KAMIS;7 Nov 2024;10.45 - 13.00 WIB;KU3.04.01;1 - 42;2;
S1 Rekayasa Perangkat Lunak;CCK1BAB3;KALKULUS;45;23;SE-48-04;AIE;ONSITE;KAMIS;7 Nov 2024;10.45 - 13.00 WIB;KU3.04.18;1 - 45;2;
S1 Rekayasa Perangkat Lunak;CCK1CAB3;LOGIKA MATEMATIKA;43;43;SE-48-01;YLS;ONSITE;SABTU;9 Nov 2024;08.00 - 10.15 WIB;(A303A) KU1.03.05;1 - 43;1;
S1 Rekayasa Perangkat Lunak;CCK1CAB3;LOGIKA MATEMATIKA;44;44;SE-48-02;YLS;ONSITE;SABTU;9 Nov 2024;08.00 - 10.15 WIB;(A303B) KU1.03.06;1 - 44;1;
S1 Rekayasa Perangkat Lunak;CCK1CAB3;LOGIKA MATEMATIKA;43;43;SE-48-03;DDR;ONSITE;SABTU;9 Nov 2024;08.00 - 10.15 WIB;(A304A) KU1.03.07;1 - 43;1;
S1 Rekayasa Perangkat Lunak;CCK1CAB3;LOGIKA MATEMATIKA;45;45;SE-48-04;JSM;ONSITE;SABTU;9 Nov 2024;08.00 - 10.15 WIB;(A304B) KU1.03.08;1 - 45;1;
S1 Rekayasa Perangkat Lunak;CCK1DAB4;ALGORITMA PEMROGRAMAN;30;15;SE- GABREM;IGR;ONSITE;JUMAT;8 Nov 2024;08.00 - 10.15 WIB;KU3.03.02;1 - 15;2;
S1 Rekayasa Perangkat Lunak;CCK1DAB4;ALGORITMA PEMROGRAMAN;30;15;SE- GABREM;IGR;ONSITE;JUMAT;8 Nov 2024;08.00 - 10.15 WIB;KU3.03.03;16 - 30;2;
S1 Rekayasa Perangkat Lunak;CCK1DAB4;ALGORITMA PEMROGRAMAN;43;22;SE-48-01;ZHH;ONSITE;JUMAT;8 Nov 2024;08.00 - 10.15 WIB;KU3.04.01;1 - 22;2;
S1 Rekayasa Perangkat Lunak;CCK1DAB4;ALGORITMA PEMROGRAMAN;43;21;SE-48-01;ZHH;ONSITE;JUMAT;8 Nov 2024;08.00 - 10.15 WIB;KU3.04.18;23 - 43;2;
S1 Rekayasa Perangkat Lunak;CCK1DAB4;ALGORITMA PEMROGRAMAN;43;22;SE-48-02;FDF;ONSITE;JUMAT;8 Nov 2024;08.00 - 10.15 WIB;KU3.04.19;1 - 22;2;
S1 Rekayasa Perangkat Lunak;CCK1DAB4;ALGORITMA PEMROGRAMAN;43;21;SE-48-02;FDF;ONSITE;JUMAT;8 Nov 2024;08.00 - 10.15 WIB;KU3.04.20;23 - 43;2;
S1 Rekayasa Perangkat Lunak;CCK1DAB4;ALGORITMA PEMROGRAMAN;41;21;SE-48-03;SMS;ONSITE;JUMAT;8 Nov 2024;08.00 - 10.15 WIB;KU3.05.12;1 - 21;2;
S1 Rekayasa Perangkat Lunak;CCK1DAB4;ALGORITMA PEMROGRAMAN;41;20;SE-48-03;SMS;ONSITE;JUMAT;8 Nov 2024;08.00 - 10.15 WIB;KU3.05.13;22 - 41;2;
S1 Rekayasa Perangkat Lunak;CCK1DAB4;ALGORITMA PEMROGRAMAN;46;23;SE-48-04;ZHH;ONSITE;JUMAT;8 Nov 2024;08.00 - 10.15 WIB;KU3.05.14;1 - 23;2;
S1 Rekayasa Perangkat Lunak;CCK1DAB4;ALGORITMA PEMROGRAMAN;46;23;SE-48-04;ZHH;ONSITE;JUMAT;8 Nov 2024;08.00 - 10.15 WIB;KU3.05.15;24 - 46;2;
S1 Rekayasa Perangkat Lunak;CCK1IAB3;DASAR PEMROGRAMAN BERORIENTASI OBJEK;43;22;SE-47-01;HPY;ONSITE;RABU;6 Nov 2024;10.45 - 13.00 WIB;KU3.03.02;1 - 22;2;
S1 Rekayasa Perangkat Lunak;CCK1IAB3;DASAR PEMROGRAMAN BERORIENTASI OBJEK;43;21;SE-47-01;HPY;ONSITE;RABU;6 Nov 2024;10.45 - 13.00 WIB;KU3.03.03;23 - 43;2;
S1 Rekayasa Perangkat Lunak;CCK1IAB3;DASAR PEMROGRAMAN BERORIENTASI OBJEK;42;21;SE-47-02;ZHH;ONSITE;RABU;6 Nov 2024;10.45 - 13.00 WIB;KU3.04.01;1 - 21;2;
S1 Rekayasa Perangkat Lunak;CCK1IAB3;DASAR PEMROGRAMAN BERORIENTASI OBJEK;42;21;SE-47-02;ZHH;ONSITE;RABU;6 Nov 2024;10.45 - 13.00 WIB;KU3.04.18;22 - 42;2;
S1 Rekayasa Perangkat Lunak;CCK1IAB3;DASAR PEMROGRAMAN BERORIENTASI OBJEK;38;19;SE-47-03;VLY;ONSITE;RABU;6 Nov 2024;10.45 - 13.00 WIB;KU3.04.19;1 - 19;2;
S1 Rekayasa Perangkat Lunak;CCK1IAB3;DASAR PEMROGRAMAN BERORIENTASI OBJEK;38;19;SE-47-03;VLY;ONSITE;RABU;6 Nov 2024;10.45 - 13.00 WIB;KU3.04.20;20 - 38;2;
S1 Rekayasa Perangkat Lunak;CCK1IAB3;DASAR PEMROGRAMAN BERORIENTASI OBJEK;39;20;SE-47-04;DAS;ONSITE;RABU;6 Nov 2024;10.45 - 13.00 WIB;KU3.05.12;1 - 20;2;
S1 Rekayasa Perangkat Lunak;CCK1IAB3;DASAR PEMROGRAMAN BERORIENTASI OBJEK;39;19;SE-47-04;DAS;ONSITE;RABU;6 Nov 2024;10.45 - 13.00 WIB;KU3.05.13;21 - 39;2;
S1 Sains Data;CDK2AAB4;STRUKTUR DATA;34;17;DS-47-02;ALH;ONSITE;SELASA;5 Nov 2024;14.00 - 16.15 WIB;KU3.04.01;1 - 17;2;
S1 Sains Data;CDK2AAB4;STRUKTUR DATA;34;17;DS-47-02;ALH;ONSITE;SELASA;5 Nov 2024;14.00 - 16.15 WIB;KU3.04.18;18 - 34;2;
S1 Sains Data;CDK2AAB4;STRUKTUR DATA;40;20;DS-47-03;SLL;ONSITE;SELASA;5 Nov 2024;14.00 - 16.15 WIB;KU3.04.19;1 - 20;2;
S1 Sains Data;CDK2AAB4;STRUKTUR DATA;40;20;DS-47-03;SLL;ONSITE;SELASA;5 Nov 2024;14.00 - 16.15 WIB;KU3.04.20;21 - 40;2;
S1 Teknologi Informasi;CBK2BAB4;STRUKTUR DATA;39;20;IT-47-KHS;IGR;ONSITE;SELASA;5 Nov 2024;08.00 - 10.15 WIB;KU3.03.02;1 - 20;2;
S1 Teknologi Informasi;CBK2BAB4;STRUKTUR DATA;39;19;IT-47-KHS;IGR;ONSITE;SELASA;5 Nov 2024;08.00 - 10.15 WIB;KU3.03.03;21 - 39;2;
S1 Teknologi Informasi;CBK2BAB4;STRUKTUR DATA;46;23;IT-47-01;ELN;ONSITE;SELASA;5 Nov 2024;08.00 - 10.15 WIB;KU3.04.01;1 - 23;2;
S1 Teknologi Informasi;CBK2BAB4;STRUKTUR DATA;46;23;IT-47-01;ELN;ONSITE;SELASA;5 Nov 2024;08.00 - 10.15 WIB;KU3.04.18;24 - 46;2;
S1 Rekayasa Perangkat Lunak;CCK2BAB2;ANALISIS KOMPLEKSITAS ALGORITMA;36;18;SE-47-01;DNH;ONSITE;JUMAT;8 Nov 2024;14.00 - 16.15 WIB;KU3.03.02;1 - 18;2;
S1 Rekayasa Perangkat Lunak;CCK2BAB2;ANALISIS KOMPLEKSITAS ALGORITMA;36;18;SE-47-01;DNH;ONSITE;JUMAT;8 Nov 2024;14.00 - 16.15 WIB;KU3.03.03;18 - 36;2;
S1 Rekayasa Perangkat Lunak;CCK2BAB2;ANALISIS KOMPLEKSITAS ALGORITMA;41;41;SE-47-02;LDS;ONSITE;JUMAT;8 Nov 2024;14.00 - 16.15 WIB;E301;1 - 41;2;
S1 Rekayasa Perangkat Lunak;CCK2BAB2;ANALISIS KOMPLEKSITAS ALGORITMA;36;36;SE-47-03;DJN;ONSITE;JUMAT;8 Nov 2024;14.00 - 16.15 WIB;E302;1 - 36;2;
S1 Rekayasa Perangkat Lunak;CCK2BAB2;ANALISIS KOMPLEKSITAS ALGORITMA;30;15;SE-47-04;LDS;ONSITE;JUMAT;8 Nov 2024;14.00 - 16.15 WIB;KU3.04.01;1 - 15;2;
S1 Rekayasa Perangkat Lunak;CCK2BAB2;ANALISIS KOMPLEKSITAS ALGORITMA;30;15;SE-47-04;LDS;ONSITE;JUMAT;8 Nov 2024;14.00 - 16.15 WIB;KU3.04.18;16 - 30;2;
S1 Rekayasa Perangkat Lunak;CCK3BAB3;MANAJEMEN PROYEK;36;18;SE-46-01;FDF;ONSITE;RABU;6 Nov 2024;14.00 - 16.15 WIB;(A203B) KU1.02.06;1 - 18;1;
S1 Rekayasa Perangkat Lunak;CCK3BAB3;MANAJEMEN PROYEK;36;18;SE-46-01;FDF;ONSITE;RABU;6 Nov 2024;14.00 - 16.15 WIB;(A207B) KU1.02.14;19 - 36;1;
S1 Rekayasa Perangkat Lunak;CCK3BAB3;MANAJEMEN PROYEK;37;19;SE-46-02;FVE;ONSITE;RABU;6 Nov 2024;14.00 - 16.15 WIB;(A204A) KU1.02.07;1 - 19;1;
S1 Rekayasa Perangkat Lunak;CCK3BAB3;MANAJEMEN PROYEK;37;18;SE-46-02;FVE;ONSITE;RABU;6 Nov 2024;14.00 - 16.15 WIB;(A208A) KU1.02.15;20 - 37;1;
S1 Rekayasa Perangkat Lunak;CCK3BAB3;MANAJEMEN PROYEK;45;23;SE-46-03;DAM;ONSITE;RABU;6 Nov 2024;14.00 - 16.15 WIB;(A204B) KU1.02.08;1 - 23;1;
S1 Rekayasa Perangkat Lunak;CCK3BAB3;MANAJEMEN PROYEK;45;22;SE-46-03;DAM;ONSITE;RABU;6 Nov 2024;14.00 - 16.15 WIB;(A208B) KU1.02.16;24 - 45;1;
S1 Rekayasa Perangkat Lunak;CCK3BAB3;MANAJEMEN PROYEK;26;26;SE-46-04;DGS;ONSITE;RABU;6 Nov 2024;14.00 - 16.15 WIB;(A207A) KU1.02.13;1 - 26;1;
S1 Rekayasa Perangkat Lunak;CCK3DAB3;PERANCANGAN DAN PEMROGRAMAN WEB;30;30;SE-46-01;HPY;ONSITE;SENIN;4 Nov 2024;08.00 - 10.15 WIB;KU3.04.01;1 - 30;0;
S1 Rekayasa Perangkat Lunak;CCK3DAB3;PERANCANGAN DAN PEMROGRAMAN WEB;35;35;SE-46-02;VLY;ONSITE;SENIN;4 Nov 2024;08.00 - 10.15 WIB;KU3.04.18;1 - 35;0;
S1 Rekayasa Perangkat Lunak;CCK3DAB3;PERANCANGAN DAN PEMROGRAMAN WEB;45;45;SE-46-03;VLY;ONSITE;SENIN;4 Nov 2024;08.00 - 10.15 WIB;KU3.04.19;1 - 45;0;
S1 Rekayasa Perangkat Lunak;CCK3DAB3;PERANCANGAN DAN PEMROGRAMAN WEB;34;34;SE-46-04;HPY;ONSITE;SENIN;4 Nov 2024;08.00 - 10.15 WIB;KU3.04.20;1 - 34;0;
S1 Rekayasa Perangkat Lunak;CCK3FAB3;PENJAMINAN MUTU PERANGKAT LUNAK;42;21;SE-46-01;SWD;ONSITE;RABU;6 Nov 2024;08.00 - 10.15 WIB;KU3.03.02;1 - 21;2;
S1 Rekayasa Perangkat Lunak;CCK3FAB3;PENJAMINAN MUTU PERANGKAT LUNAK;42;21;SE-46-01;SWD;ONSITE;RABU;6 Nov 2024;08.00 - 10.15 WIB;KU3.03.03;22 - 42;2;
S1 Rekayasa Perangkat Lunak;CCK3FAB3;PENJAMINAN MUTU PERANGKAT LUNAK;29;15;SE-46-02;SWD;ONSITE;RABU;6 Nov 2024;08.00 - 10.15 WIB;KU3.04.01;1 - 15;2;
S1 Rekayasa Perangkat Lunak;CCK3FAB3;PENJAMINAN MUTU PERANGKAT LUNAK;29;14;SE-46-02;SWD;ONSITE;RABU;6 Nov 2024;08.00 - 10.15 WIB;KU3.04.18;16 - 29;2;
S1 Rekayasa Perangkat Lunak;CCK3FAB3;PENJAMINAN MUTU PERANGKAT LUNAK;44;22;SE-46-03;FLF;ONSITE;RABU;6 Nov 2024;08.00 - 10.15 WIB;KU3.04.19;1 - 22;2;
S1 Rekayasa Perangkat Lunak;CCK3FAB3;PENJAMINAN MUTU PERANGKAT LUNAK;44;22;SE-46-03;FLF;ONSITE;RABU;6 Nov 2024;08.00 - 10.15 WIB;KU3.04.20;23 - 44;2;
S1 Rekayasa Perangkat Lunak;CCK3FAB3;PENJAMINAN MUTU PERANGKAT LUNAK;29;15;SE-46-04;SWD;ONSITE;RABU;6 Nov 2024;08.00 - 10.15 WIB;KU3.05.12;1 - 15;2;
S1 Rekayasa Perangkat Lunak;CCK3FAB3;PENJAMINAN MUTU PERANGKAT LUNAK;29;14;SE-46-04;SWD;ONSITE;RABU;6 Nov 2024;08.00 - 10.15 WIB;KU3.05.13;16 - 29;2;
S1 Rekayasa Perangkat Lunak;CCK4IBB3;DEVOPS;46;23;SE-45-GAB;VLY;ONSITE;SENIN;4 Nov 2024;14.00 - 16.15 WIB;(A307A) KU1.03.13;1 - 23;0;
S1 Rekayasa Perangkat Lunak;CCK4IBB3;DEVOPS;46;23;SE-45-GAB;VLY;ONSITE;SENIN;4 Nov 2024;14.00 - 16.15 WIB;(A307B) KU1.03.12;24 - 46;0;
S1 Sains Data;CDK1BDB2;STATISTIKA;38;38;DS-48-01;JDN;ONSITE;RABU;6 Nov 2024;10.45 - 13.00 WIB;TULT 0601;1 - 38;1;
S1 Sains Data;CDK1BDB2;STATISTIKA;38;38;DS-48-02;JDN;ONSITE;RABU;6 Nov 2024;10.45 - 13.00 WIB;TULT 0602;1 - 38;1;
S1 Sains Data;CDK1BDB2;STATISTIKA;37;37;DS-48-03;SUS;ONSITE;RABU;6 Nov 2024;10.45 - 13.00 WIB;TULT 0603;1 - 37;1;
S1 Sains Data;CDK1EAB3;KALKULUS;38;19;DS-48-01;DNS;ONSITE;KAMIS;7 Nov 2024;10.45 - 13.00 WIB;(A307A) KU1.03.13;1 - 38;2;
S1 Sains Data;CDK1EAB3;KALKULUS;38;19;DS-48-02;AZN;ONSITE;KAMIS;7 Nov 2024;10.45 - 13.00 WIB;(A307B) KU1.03.12;1 - 38;2;
S1 Sains Data;CDK1EAB3;KALKULUS;37;19;DS-48-03;KMQ;ONSITE;KAMIS;7 Nov 2024;10.45 - 13.00 WIB;(A310) KU1.03.14;1 - 37;2;
S1 Teknologi Informasi;CBK2BAB4;STRUKTUR DATA;49;25;IT-47-02;RDC;ONSITE;SELASA;5 Nov 2024;08.00 - 10.15 WIB;KU3.04.19;1 - 25;2;
S1 Teknologi Informasi;CBK2BAB4;STRUKTUR DATA;49;24;IT-47-02;RDC;ONSITE;SELASA;5 Nov 2024;08.00 - 10.15 WIB;KU3.04.20;26 - 49;2;
S1 Teknologi Informasi;CBK2BAB4;STRUKTUR DATA;41;21;IT-47-03;LHF;ONSITE;SELASA;5 Nov 2024;08.00 - 10.15 WIB;KU3.05.12;1 - 21;2;
S1 Teknologi Informasi;CBK2BAB4;STRUKTUR DATA;41;20;IT-47-03;LHF;ONSITE;SELASA;5 Nov 2024;08.00 - 10.15 WIB;KU3.05.13;22 - 41;2;
S1 Teknologi Informasi;CBK2BAB4;STRUKTUR DATA;38;19;IT-47-04;RDC;ONSITE;SELASA;5 Nov 2024;08.00 - 10.15 WIB;KU3.05.14;1 - 19;2;
S1 Teknologi Informasi;CBK2BAB4;STRUKTUR DATA;38;19;IT-47-04;RDC;ONSITE;SELASA;5 Nov 2024;08.00 - 10.15 WIB;KU3.05.15;20 - 38;2;
S1 Sains Data;CDK2BAB2;ANALISIS KOMPLEKSITAS ALGORITMA;39;20;DS-47-01;RMB;ONSITE;JUMAT;8 Nov 2024;14.00 - 16.15 WIB;KU3.04.19;1 - 20;2;
S1 Sains Data;CDK2BAB2;ANALISIS KOMPLEKSITAS ALGORITMA;39;19;DS-47-01;RMB;ONSITE;JUMAT;8 Nov 2024;14.00 - 16.15 WIB;KU3.04.20;21 - 39;2;
S1 Sains Data;CDK2BAB2;ANALISIS KOMPLEKSITAS ALGORITMA;43;22;DS-47-02;SLL;ONSITE;JUMAT;8 Nov 2024;14.00 - 16.15 WIB;TULT 0710;1 - 22;2;
S1 Sains Data;CDK2BAB2;ANALISIS KOMPLEKSITAS ALGORITMA;43;21;DS-47-02;SLL;ONSITE;JUMAT;8 Nov 2024;14.00 - 16.15 WIB;TULT 0711;23 - 43;2;
S1 Sains Data;CDK2BAB2;ANALISIS KOMPLEKSITAS ALGORITMA;39;20;DS-47-03;RMB;ONSITE;JUMAT;8 Nov 2024;14.00 - 16.15 WIB;KU3.05.14;1 - 20;2;
S1 Sains Data;CDK2BAB2;ANALISIS KOMPLEKSITAS ALGORITMA;39;19;DS-47-03;RMB;ONSITE;JUMAT;8 Nov 2024;14.00 - 16.15 WIB;KU3.05.15;21 - 39;2;
S1 Sains Data;CDK2CAB3;SISTEM MANAJEMEN BASIS DATA;39;20;DS-47-01;PHG;ONSITE;SENIN;4 Nov 2024;14.00 - 16.15 WIB;(A303A) KU1.03.05;1 - 20;1;
S1 Sains Data;CDK2CAB3;SISTEM MANAJEMEN BASIS DATA;39;19;DS-47-01;PHG;ONSITE;SENIN;4 Nov 2024;14.00 - 16.15 WIB;(A303B) KU1.03.06;21 - 39;1;
S1 Sains Data;CDK2CAB3;SISTEM MANAJEMEN BASIS DATA;42;21;DS-47-02;MAB;ONSITE;SENIN;4 Nov 2024;14.00 - 16.15 WIB;(A304A) KU1.03.07;1 - 21;1;
S1 Sains Data;CDK2CAB3;SISTEM MANAJEMEN BASIS DATA;42;21;DS-47-02;MAB;ONSITE;SENIN;4 Nov 2024;14.00 - 16.15 WIB;(A304B) KU1.03.08;22 - 42;1;
S1 Sains Data;CDK2CAB3;SISTEM MANAJEMEN BASIS DATA;39;20;DS-47-03;MAB;ONSITE;SENIN;4 Nov 2024;14.00 - 16.15 WIB;(A308A) KU1.03.11;1 - 20;1;
S1 Sains Data;CDK2CAB3;SISTEM MANAJEMEN BASIS DATA;39;19;DS-47-03;MAB;ONSITE;SENIN;4 Nov 2024;14.00 - 16.15 WIB;(A308B) KU1.03.10;21 - 39;1;
S1 Sains Data;CDK2DAB3;PEMODELAN, SIMULASI, DAN OPTIMASI;38;38;DS-47-01;JDN;ONSITE;KAMIS;7 Nov 2024;08.00 - 10.15 WIB;KU3.05.12;1 - 38;1;
S1 Sains Data;CDK2DAB3;PEMODELAN, SIMULASI, DAN OPTIMASI;44;44;DS-47-02;JDN;ONSITE;KAMIS;7 Nov 2024;08.00 - 10.15 WIB;KU3.05.13;1 - 44;1;
S1 Sains Data;CDK2DAB3;PEMODELAN, SIMULASI, DAN OPTIMASI;39;39;DS-47-03;NIK;ONSITE;KAMIS;7 Nov 2024;08.00 - 10.15 WIB;KU3.05.14;1 - 39;1;
S1 Sains Data;CDK2FAB3;KECERDASAN BUATAN;38;38;DS-47-01;RRD;ONSITE;SENIN;4 Nov 2024;10.45 - 13.00 WIB;TULT 0714;1 - 38;1;
S1 Sains Data;CDK2FAB3;KECERDASAN BUATAN;41;41;DS-47-02;RRD;ONSITE;SENIN;4 Nov 2024;10.45 - 13.00 WIB;TULT 0715;1 - 41;1;
S1 Sains Data;CDK2FAB3;KECERDASAN BUATAN;40;40;DS-47-03;ACK;ONSITE;SENIN;4 Nov 2024;10.45 - 13.00 WIB;TULT 0716;1 - 40;1;
S1 Sains Data;CDK3BAB4;PEMROGRAMAN BERORIENTASI OBJEK;40;19;DS-46-01;MTD;ONSITE;SABTU;9 Nov 2024;10.45 - 13.00 WIB;(A303B) KU1.03.06;1 - 19;2;
S1 Sains Data;CDK3BAB4;PEMROGRAMAN BERORIENTASI OBJEK;40;18;DS-46-01;MTD;ONSITE;SABTU;9 Nov 2024;10.45 - 13.00 WIB;(A304A) KU1.03.07;20 - 37;2;
S1 Sains Data;CDK3BAB4;PEMROGRAMAN BERORIENTASI OBJEK;40;19;DS-46-02;DWD;ONSITE;SABTU;9 Nov 2024;10.45 - 13.00 WIB;(A304B) KU1.03.08;1 - 19;2;
S1 Sains Data;CDK3BAB4;PEMROGRAMAN BERORIENTASI OBJEK;40;18;DS-46-02;DWD;ONSITE;SABTU;9 Nov 2024;10.45 - 13.00 WIB;(A307A) KU1.03.13;20 - 37;2;
S1 Sains Data;CDK3BAB4;PEMROGRAMAN BERORIENTASI OBJEK;40;15;DS-46-03;DWD;ONSITE;SABTU;9 Nov 2024;10.45 - 13.00 WIB;(A307B) KU1.03.12;1 - 15;2;
S1 Sains Data;CDK3BAB4;PEMROGRAMAN BERORIENTASI OBJEK;40;15;DS-46-03;DWD;ONSITE;SABTU;9 Nov 2024;10.45 - 13.00 WIB;(A308A) KU1.03.11;16 - 30;2;
S1 Sains Data;CDK3EAB3;ANALISIS DERET WAKTU;40;20;DS-46-01;IND;ONSITE;SENIN;4 Nov 2024;14.00 - 16.15 WIB;(A203B) KU1.02.06;1 - 20;1;
S1 Sains Data;CDK3EAB3;ANALISIS DERET WAKTU;40;19;DS-46-01;IND;ONSITE;SENIN;4 Nov 2024;14.00 - 16.15 WIB;(A204A) KU1.02.07;21 - 39;1;
S1 Sains Data;CDK3EAB3;ANALISIS DERET WAKTU;40;18;DS-46-02;SSI;ONSITE;SENIN;4 Nov 2024;14.00 - 16.15 WIB;(A204B) KU1.02.08;1 - 18;1;
S1 Sains Data;CDK3EAB3;ANALISIS DERET WAKTU;40;17;DS-46-02;SSI;ONSITE;SENIN;4 Nov 2024;14.00 - 16.15 WIB;(A207A) KU1.02.13;19 - 35;1;
S1 Sains Data;CDK3EAB3;ANALISIS DERET WAKTU;40;20;DS-46-03;HFL;ONSITE;SENIN;4 Nov 2024;14.00 - 16.15 WIB;(A207B) KU1.02.14;1 - 20;1;
S1 Sains Data;CDK3EAB3;ANALISIS DERET WAKTU;40;20;DS-46-03;HFL;ONSITE;SENIN;4 Nov 2024;14.00 - 16.15 WIB;(A208A) KU1.02.15;21 - 40;1;
S1 Rekayasa Perangkat Lunak;UAKXACB2;AGAMA ISLAM;66;66;SE-48-GAB01;FHI;ONLINE;KAMIS;7 Nov 2024;08.00 - 10.15 WIB;ONLINE;1 - 66;0;
S1 Rekayasa Perangkat Lunak;UAKXACB2;AGAMA ISLAM;70;70;SE-48-GAB02;FHI;ONLINE;KAMIS;7 Nov 2024;08.00 - 10.15 WIB;ONLINE;1 - 70;0;
S1 Rekayasa Perangkat Lunak;UAKXACB2;AGAMA ISLAM;80;80;SE-46-GAB01;FHI;ONLINE;KAMIS;7 Nov 2024;08.00 - 10.15 WIB;ONLINE;1 - 80;0;
S1 Rekayasa Perangkat Lunak;UAKXACB2;AGAMA ISLAM;27;27;SE-46-GAB02;FHI;ONLINE;KAMIS;7 Nov 2024;08.00 - 10.15 WIB;ONLINE;1 - 27;0;
S1 Rekayasa Perangkat Lunak;UAKXACB2;AGAMA ISLAM;19;19;SE-46-GAB03;FHI;ONLINE;KAMIS;7 Nov 2024;08.00 - 10.15 WIB;ONLINE;1 - 19;0;
S1 Teknologi Informasi;CBK2CAB3;SISTEM MULTIMEDIA;39;20;IT-47-KHS;WKF;ONSITE;KAMIS;7 Nov 2024;14.00 - 16.15 WIB;KU3.03.02;1 - 20;2;
S1 Teknologi Informasi;CBK2CAB3;SISTEM MULTIMEDIA;39;19;IT-47-KHS;WKF;ONSITE;KAMIS;7 Nov 2024;14.00 - 16.15 WIB;KU3.03.03;21 - 39;2;
S1 Teknologi Informasi;CBK2CAB3;SISTEM MULTIMEDIA;42;21;IT-47-01;WKF;ONSITE;KAMIS;7 Nov 2024;14.00 - 16.15 WIB;KU3.04.01;1 - 21;2;
S1 Teknologi Informasi;CBK2CAB3;SISTEM MULTIMEDIA;42;21;IT-47-01;WKF;ONSITE;KAMIS;7 Nov 2024;14.00 - 16.15 WIB;KU3.04.18;22 - 42;2;
S1 Teknologi Informasi;CBK2CAB3;SISTEM MULTIMEDIA;37;19;IT-47-02;ACK;ONSITE;KAMIS;7 Nov 2024;14.00 - 16.15 WIB;KU3.04.19;1 - 19;2;
S1 Teknologi Informasi;CBK2CAB3;SISTEM MULTIMEDIA;37;18;IT-47-02;ACK;ONSITE;KAMIS;7 Nov 2024;14.00 - 16.15 WIB;KU3.04.20;20 - 37;2;
S1 Teknologi Informasi;CBK2CAB3;SISTEM MULTIMEDIA;32;16;IT-47-03;IWU;ONSITE;KAMIS;7 Nov 2024;14.00 - 16.15 WIB;KU3.05.12;1 - 16;2;
S1 Teknologi Informasi;CBK2CAB3;SISTEM MULTIMEDIA;32;16;IT-47-03;IWU;ONSITE;KAMIS;7 Nov 2024;14.00 - 16.15 WIB;KU3.05.13;17 - 32;2;
S1 Teknologi Informasi;CBK2CAB3;SISTEM MULTIMEDIA;39;20;IT-47-04;IWU;ONSITE;KAMIS;7 Nov 2024;14.00 - 16.15 WIB;KU3.05.14;1 - 20;2;
S1 Teknologi Informasi;CBK2CAB3;SISTEM MULTIMEDIA;39;19;IT-47-04;IWU;ONSITE;KAMIS;7 Nov 2024;14.00 - 16.15 WIB;KU3.05.15;21 - 39;2;
S1 Teknologi Informasi;CBK4QBB3;KUALITAS INFORMASI;48;48;IT-45-GAB;FVE;ONLINE;JUMAT;8 Nov 2024;14.00 - 16.15 WIB;(A310) KU1.03.14;1 - 48;0;
S1 Informatika;CAK3BAB3;IMPLEMENTASI DAN PENGUJIAN PERANGKAT LUNAK;34;34;IF-46-02;IBD;ONLINE;JUMAT;8 Nov 2024;08.00 - 10.15 WIB;ONLINE;1 - 34;DOSEN KELAS;
S1 Informatika;CAK3BAB3;IMPLEMENTASI DAN PENGUJIAN PERANGKAT LUNAK;37;37;IF-46-03;AFH;ONLINE;JUMAT;8 Nov 2024;08.00 - 10.15 WIB;ONLINE;1 - 37;DOSEN KELAS;
S1 Informatika;CAK3BAB3;IMPLEMENTASI DAN PENGUJIAN PERANGKAT LUNAK;37;37;IF-46-04;BRV;ONLINE;JUMAT;8 Nov 2024;08.00 - 10.15 WIB;ONLINE;1 - 37;DOSEN KELAS;
S1 Informatika;CAK3BAB3;IMPLEMENTASI DAN PENGUJIAN PERANGKAT LUNAK;35;35;IF-46-05;AFH;ONLINE;JUMAT;8 Nov 2024;08.00 - 10.15 WIB;ONLINE;1 - 35;DOSEN KELAS;
S1 Informatika;CAK3BAB3;IMPLEMENTASI DAN PENGUJIAN PERANGKAT LUNAK;33;33;IF-46-06;EKD;ONLINE;JUMAT;8 Nov 2024;08.00 - 10.15 WIB;ONLINE;1 - 33;DOSEN KELAS;
S1 Informatika;CAK3BAB3;IMPLEMENTASI DAN PENGUJIAN PERANGKAT LUNAK;35;35;IF-46-07;HAU;ONLINE;JUMAT;8 Nov 2024;08.00 - 10.15 WIB;ONLINE;1 - 35;DOSEN KELAS;
S1 Informatika;CAK3BAB3;IMPLEMENTASI DAN PENGUJIAN PERANGKAT LUNAK;36;36;IF-46-11;FLF;ONLINE;JUMAT;8 Nov 2024;08.00 - 10.15 WIB;ONLINE;1 - 36;DOSEN KELAS;
S1 Informatika;CAK3BAB3;IMPLEMENTASI DAN PENGUJIAN PERANGKAT LUNAK;41;41;IF-46-12;AFH;ONLINE;JUMAT;8 Nov 2024;08.00 - 10.15 WIB;ONLINE;1 - 41;DOSEN KELAS;
S1 Informatika;CAK3BAB3;IMPLEMENTASI DAN PENGUJIAN PERANGKAT LUNAK;32;32;IF-46-INT;EKD;ONLINE;JUMAT;8 Nov 2024;08.00 - 10.15 WIB;ONLINE;1 - 32;DOSEN KELAS;
S1 Informatika;CAK3BAB3;IMPLEMENTASI DAN PENGUJIAN PERANGKAT LUNAK;32;32;IF-46-08;TRK;ONLINE;JUMAT;8 Nov 2024;08.00 - 10.15 WIB;ONLINE;1 - 32;DOSEN KELAS;
S1 Informatika;CAK3BAB3;IMPLEMENTASI DAN PENGUJIAN PERANGKAT LUNAK;38;38;IF-46-10;BRV;ONLINE;JUMAT;8 Nov 2024;08.00 - 10.15 WIB;ONLINE;1 - 38;DOSEN KELAS;
S1 Informatika;CAK3BAB3;IMPLEMENTASI DAN PENGUJIAN PERANGKAT LUNAK;35;35;IF-46-09;BRV;ONLINE;JUMAT;8 Nov 2024;08.00 - 10.15 WIB;ONLINE;1 - 35;DOSEN KELAS;
S1 Informatika;CAK3BAB3;IMPLEMENTASI DAN PENGUJIAN PERANGKAT LUNAK;38;38;IF-46-01;IBD;ONLINE;JUMAT;8 Nov 2024;08.00 - 10.15 WIB;ONLINE;1 - 38;DOSEN KELAS;
S1 Sains Data;CFK6OHB3;KEJAHATAN DAN HUKUM PADA DUNIA SIBER;14;14;S2SF-47-02;FSY;ONLINE;KAMIS;7 Nov 2024;08.00 - 10.15 WIB;E302;1 - 14;1;
S1 Sains Data;CDK1ADB3;PENDIDIKAN KARAKTER;40;38;DS-48-01;NGN;ONLINE;SENIN;4 Nov 2024;10.45 - 13.00 WIB;ONLINE;1 - 38;0;
S1 Sains Data;CDK1ADB3;PENDIDIKAN KARAKTER;40;38;DS-48-02;NGN;ONLINE;SENIN;4 Nov 2024;10.45 - 13.00 WIB;ONLINE;1 - 38;0;
S1 Sains Data;CDK1ADB3;PENDIDIKAN KARAKTER;40;37;DS-48-03;JDN;ONLINE;SENIN;4 Nov 2024;10.45 - 13.00 WIB;ONLINE;1 - 37;0;
S1 Sains Data;CDK3FAB3;REKAYASA SISTEM INFORMASI;40;25;DS-46-01;EKD;ONLINE;KAMIS;7 Nov 2024;10.45 - 13.00 WIB;ONLINE;1 - 25;DOSEN KELAS;
S1 Sains Data;CDK3FAB3;REKAYASA SISTEM INFORMASI;40;32;DS-46-02;SOL;ONLINE;KAMIS;7 Nov 2024;10.45 - 13.00 WIB;ONLINE;1 - 32;DOSEN KELAS;
S1 Sains Data;CDK3FAB3;REKAYASA SISTEM INFORMASI;40;36;DS-46-03;YPR;ONLINE;KAMIS;7 Nov 2024;10.45 - 13.00 WIB;ONLINE;1 - 36;DOSEN KELAS;
S1 Informatika;CAK1DAB3;LOGIKA MATEMATIKA;42;42;IF-48-01;DTO;ONSITE;SABTU;9 Nov 2024;08.00 - 10.15 WIB;TULT 0601;1 - 42;1;
S1 Informatika;CAK1DAB3;LOGIKA MATEMATIKA;40;40;IF-48-02;BBD;ONSITE;SABTU;9 Nov 2024;08.00 - 10.15 WIB;TULT 0602;1 - 40;1;
S1 Informatika;CAK1DAB3;LOGIKA MATEMATIKA;43;43;IF-48-03;WKF;ONSITE;SABTU;9 Nov 2024;08.00 - 10.15 WIB;TULT 0603;1 - 43;1;
S1 Informatika;CAK1DAB3;LOGIKA MATEMATIKA;41;41;IF-48-04;JSM;ONSITE;SABTU;9 Nov 2024;08.00 - 10.15 WIB;TULT 0701;1 - 41;1;
S1 Informatika;CAK1DAB3;LOGIKA MATEMATIKA;40;40;IF-48-05;LZD;ONSITE;SABTU;9 Nov 2024;08.00 - 10.15 WIB;TULT 0702;1 - 40;1;
S1 Informatika;CAK1DAB3;LOGIKA MATEMATIKA;40;40;IF-48-06;RFU;ONSITE;SABTU;9 Nov 2024;08.00 - 10.15 WIB;TULT 0703;1 - 40;1;
S1 Informatika;CAK1DAB3;LOGIKA MATEMATIKA;40;40;IF-48-07;TMY;ONSITE;SABTU;9 Nov 2024;08.00 - 10.15 WIB;TULT 0706;1 - 40;1;
S1 Informatika;CAK1DAB3;LOGIKA MATEMATIKA;39;39;IF-48-08;TMY;ONSITE;SABTU;9 Nov 2024;08.00 - 10.15 WIB;TULT 0707;1 - 39;1;
S1 Informatika;CAK1DAB3;LOGIKA MATEMATIKA;39;39;IF-48-09;MIG;ONSITE;SABTU;9 Nov 2024;08.00 - 10.15 WIB;TULT 0709;1 - 39;1;
S1 Informatika;CAK1DAB3;LOGIKA MATEMATIKA;39;39;IF-48-10;MIG;ONSITE;SABTU;9 Nov 2024;08.00 - 10.15 WIB;TULT 0710;1 - 39;1;
S1 Informatika;CAK1DAB3;LOGIKA MATEMATIKA;40;40;IF-48-11;RWT;ONSITE;SABTU;9 Nov 2024;08.00 - 10.15 WIB;TULT 0711;1 - 40;1;
S1 Informatika;CAK1DAB3;LOGIKA MATEMATIKA;40;40;IF-48-12;RWT;ONSITE;SABTU;9 Nov 2024;08.00 - 10.15 WIB;TULT 0714;1 - 40;1;
S1 Informatika;CAK1DAB3;LOGIKA MATEMATIKA;33;33;IF-48-INT;BBD;ONSITE;SABTU;9 Nov 2024;08.00 - 10.15 WIB;TULT-1509;1 - 33;1;
S1 Teknologi Informasi;CBK4NBB3;TATA KELOLA TEKNOLOGI INFORMASI;53;27;IT-45-GAB;FSY;ONSITE;JUMAT;8 Nov 2024;08.00 - 10.15 WIB;(A207B) KU1.02.14;1 - 27;2;
S1 Teknologi Informasi;CBK4NBB3;TATA KELOLA TEKNOLOGI INFORMASI;53;26;IT-45-GAB;FSY;ONSITE;JUMAT;8 Nov 2024;08.00 - 10.15 WIB;(A208A) KU1.02.15;28 - 53;2;
S1 Rekayasa Perangkat Lunak;CCK1JAB3;ORGANISASI DAN ARSITEKTUR KOMPUTER;43;43;SE-47-01;SRN;ONSITE;SENIN;4 Nov 2024;08.00 - 10.15 WIB;TULT 0603;1 - 43;2;
S1 Rekayasa Perangkat Lunak;CCK1JAB3;ORGANISASI DAN ARSITEKTUR KOMPUTER;44;44;SE-47-02;FBW;ONSITE;SENIN;4 Nov 2024;08.00 - 10.15 WIB;TULT 0714;1 - 44;2;
S1 Rekayasa Perangkat Lunak;CCK1JAB3;ORGANISASI DAN ARSITEKTUR KOMPUTER;37;37;SE-47-03;MMA;ONSITE;SENIN;4 Nov 2024;08.00 - 10.15 WIB;TULT 0715;1 - 37;2;
S1 Rekayasa Perangkat Lunak;CCK1JAB3;ORGANISASI DAN ARSITEKTUR KOMPUTER;40;40;SE-47-04;FBW;ONSITE;SENIN;4 Nov 2024;08.00 - 10.15 WIB;TULT 0716;1 - 40;2;
S2 Forensik;CFK6WHB3;PRIVASI DAN HAK DIGITAL;9;9;S2SF-47-02;FSY;ONLINE;RABU;7 Nov 2024;08.00 - 10.15 WIB;Zoom Individu;1 - 9;1;
S1 Informatika PJJ;CAK1DAB3;LOGIKA MATEMATIKA;41;41;IF-48-01PJJ;IZA;ONLINE;SABTU;9 Nov 2024;08.00 - 10.15 WIB;ONLINE;1 - 41;1;
S1 Informatika PJJ;CAK1DAB3;LOGIKA MATEMATIKA;42;42;IF-48-02PJJ;IZA;ONLINE;SABTU;9 Nov 2024;08.00 - 10.15 WIB;ONLINE;1 - 42;1;
S1 Informatika PJJ;CAK1DAB3;LOGIKA MATEMATIKA;40;40;IF-48-03PJJ;LZD;ONLINE;SABTU;9 Nov 2024;08.00 - 10.15 WIB;ONLINE;1 - 40;1;
S1 Sains Data;CDK3AAB3;MANAJEMEN PROYEK;40;20;DS-46-01;IDL;ONSITE;RABU;6 Nov 2024;10.45 - 13.00 WIB;(A207B) KU1.02.14;1 - 20;1;
S1 Sains Data;CDK3AAB3;MANAJEMEN PROYEK;40;20;DS-46-01;IDL;ONSITE;RABU;6 Nov 2024;10.45 - 13.00 WIB;(A203B) KU1.02.06;21 - 40;1;
S1 Sains Data;CDK3AAB3;MANAJEMEN PROYEK;47;24;DS-46-02;SOL;ONSITE;RABU;6 Nov 2024;10.45 - 13.00 WIB;(A208A) KU1.02.15;1 - 24;1;
S1 Sains Data;CDK3AAB3;MANAJEMEN PROYEK;47;23;DS-46-02;SOL;ONSITE;RABU;6 Nov 2024;10.45 - 13.00 WIB;(A204A) KU1.02.07;25 - 47;1;
S1 Sains Data;CDK3AAB3;MANAJEMEN PROYEK;44;22;DS-46-03;TYH;ONSITE;RABU;6 Nov 2024;10.45 - 13.00 WIB;(A208B) KU1.02.16;1 - 22;1;
S1 Sains Data;CDK3AAB3;MANAJEMEN PROYEK;44;22;DS-46-03;TYH;ONSITE;RABU;6 Nov 2024;10.45 - 13.00 WIB;(A204B) KU1.02.08;23 - 44;1;
S1 Sains Data;CDK1DAB3;LOGIKA MATEMATIKA;40;40;DS-48-01;IYK;ONSITE;SABTU;9 Nov 2024;08.00 - 10.15 WIB;(A308B) KU1.03.10;1 - 40;1;
S1 Sains Data;CDK1DAB3;LOGIKA MATEMATIKA;40;42;DS-48-02;AZN;ONSITE;SABTU;9 Nov 2024;08.00 - 10.15 WIB;(A308A) KU1.03.11;1 - 42;1;
S1 Sains Data;CDK1DAB3;LOGIKA MATEMATIKA;40;38;DS-48-03;YAI;ONSITE;SABTU;9 Nov 2024;08.00 - 10.15 WIB;(A307B) KU1.03.12;1 - 38;1;
S1 Rekayasa Perangkat Lunak;CCK3GAB4;PENGUJIAN PERANGKAT LUNAK;4;4;SE-45-GAB;RSC;ONSITE;KAMIS;7 Nov 2024;08.00 - 10.15 WIB;TULT 0603;1 - 4;1;
